Feature ID	Taxon
66269|Pantoea stewartii subsp. stewartii	k__Bacteria;p__Pseudomonadota;c__Gammaproteobacteria;o__Enterobacterales;f__Erwiniaceae;g__Pantoea;s__Pantoea stewartii subsp. stewartii
66269|Pantoea stewartii subsp. stewartii	k__Bacteria;p__Pseudomonadota;c__Gammaproteobacteria;o__Enterobacterales;f__Erwiniaceae;g__Pantoea;s__Pantoea stewartii subsp. stewartii
66269|Pantoea stewartii subsp. stewartii	k__Bacteria;p__Pseudomonadota;c__Gammaproteobacteria;o__Enterobacterales;f__Erwiniaceae;g__Pantoea;s__Pantoea stewartii subsp. stewartii
31963|Clavibacter michiganensis subsp. nebraskensis	k__Bacteria;p__Actinomycetota;c__Actinomycetes;o__Micrococcales;f__Microbacteriaceae;g__Clavibacter;s__Clavibacter michiganensis subsp. nebraskensis
31963|Clavibacter michiganensis subsp. nebraskensis	k__Bacteria;p__Actinomycetota;c__Actinomycetes;o__Micrococcales;f__Microbacteriaceae;g__Clavibacter;s__Clavibacter michiganensis subsp. nebraskensis
80867|Paracidovorax avenae/Acidovorax avenae	k__Bacteria;p__Pseudomonadota;c__Betaproteobacteria;o__Burkholderiales;f__Comamonadaceae;g__Acidovorax;s__Paracidovorax avenae/Acidovorax avenae
80867|Paracidovorax avenae/Acidovorax avenae	k__Bacteria;p__Pseudomonadota;c__Betaproteobacteria;o__Burkholderiales;f__Comamonadaceae;g__Acidovorax;s__Paracidovorax avenae/Acidovorax avenae
321|Pseudomonas syringae pv. syringae	k__Bacteria;p__Pseudomonadota;c__Gammaproteobacteria;o__Pseudomonadales;f__Pseudomonadaceae;g__Pseudomonas;s__Pseudomonas syringae pv. syringae
321|Pseudomonas syringae pv. syringae	k__Bacteria;p__Pseudomonadota;c__Gammaproteobacteria;o__Pseudomonadales;f__Pseudomonadaceae;g__Pseudomonas;s__Pseudomonas syringae pv. syringae
28095|Burkholderia gladioli	k__Bacteria;p__Pseudomonadota;c__Betaproteobacteria;o__Burkholderiales;f__Burkholderiaceae;g__Burkholderia;s__Burkholderia gladioli
28095|Burkholderia gladioli	k__Bacteria;p__Pseudomonadota;c__Betaproteobacteria;o__Burkholderiales;f__Burkholderiaceae;g__Burkholderia;s__Burkholderia gladioli
28095|Burkholderia gladioli	k__Bacteria;p__Pseudomonadota;c__Betaproteobacteria;o__Burkholderiales;f__Burkholderiaceae;g__Burkholderia;s__Burkholderia gladioli
204042|Dickeya zeae	k__Bacteria;p__Pseudomonadota;c__Gammaproteobacteria;o__Enterobacterales;f__Pectobacteriaceae;g__Dickeya;s__Dickeya zeae
204042|Dickeya zeae	k__Bacteria;p__Pseudomonadota;c__Gammaproteobacteria;o__Enterobacterales;f__Pectobacteriaceae;g__Dickeya;s__Dickeya zeae
204042|Dickeya zeae	k__Bacteria;p__Pseudomonadota;c__Gammaproteobacteria;o__Enterobacterales;f__Pectobacteriaceae;g__Dickeya;s__Dickeya zeae
204038|Dickeya dadantii	k__Bacteria;p__Pseudomonadota;c__Gammaproteobacteria;o__Enterobacterales;f__Pectobacteriaceae;g__Dickeya;s__Dickeya dadantii
204038|Dickeya dadantii	k__Bacteria;p__Pseudomonadota;c__Gammaproteobacteria;o__Enterobacterales;f__Pectobacteriaceae;g__Dickeya;s__Dickeya dadantii
204038|Dickeya dadantii	k__Bacteria;p__Pseudomonadota;c__Gammaproteobacteria;o__Enterobacterales;f__Pectobacteriaceae;g__Dickeya;s__Dickeya dadantii
85620|Candidatus Phytoplasma asteris (Aster yellows)	k__Bacteria;p__Mycoplasmatota;c__Mollicutes;o__Acholeplasmatales;f__Acholeplasmataceae;g__Phytoplasma;s__Candidatus Phytoplasma asteris (Aster yellows)
85620|Candidatus Phytoplasma asteris (Aster yellows)	k__Bacteria;p__Mycoplasmatota;c__Mollicutes;o__Acholeplasmatales;f__Acholeplasmataceae;g__Phytoplasma;s__Candidatus Phytoplasma asteris (Aster yellows)
85620|Candidatus Phytoplasma asteris (Aster yellows)	k__Bacteria;p__Mycoplasmatota;c__Mollicutes;o__Acholeplasmatales;f__Acholeplasmataceae;g__Phytoplasma;s__Candidatus Phytoplasma asteris (Aster yellows)
549|Pantoea agglomerans	k__Bacteria;p__Pseudomonadota;c__Gammaproteobacteria;o__Enterobacterales;f__Erwiniaceae;g__Pantoea;s__Pantoea agglomerans
549|Pantoea agglomerans	k__Bacteria;p__Pseudomonadota;c__Gammaproteobacteria;o__Enterobacterales;f__Erwiniaceae;g__Pantoea;s__Pantoea agglomerans
549|Pantoea agglomerans	k__Bacteria;p__Pseudomonadota;c__Gammaproteobacteria;o__Enterobacterales;f__Erwiniaceae;g__Pantoea;s__Pantoea agglomerans
554|Pectobacterium carotovorum/Erwinia carotovora	k__Bacteria;p__Pseudomonadota;c__Gammaproteobacteria;o__Enterobacterales;f__Pectobacteriaceae;g__Pectobacterium;s__Pectobacterium carotovorum/Erwinia carotovora
554|Pectobacterium carotovorum/Erwinia carotovora	k__Bacteria;p__Pseudomonadota;c__Gammaproteobacteria;o__Enterobacterales;f__Pectobacteriaceae;g__Pectobacterium;s__Pectobacterium carotovorum/Erwinia carotovora
554|Pectobacterium carotovorum/Erwinia carotovora	k__Bacteria;p__Pseudomonadota;c__Gammaproteobacteria;o__Enterobacterales;f__Pectobacteriaceae;g__Pectobacterium;s__Pectobacterium carotovorum/Erwinia carotovora
553|Pantoea ananatis	k__Bacteria;p__Pseudomonadota;c__Gammaproteobacteria;o__Enterobacterales;f__Erwiniaceae;g__Pantoea;s__Pantoea ananatis
553|Pantoea ananatis	k__Bacteria;p__Pseudomonadota;c__Gammaproteobacteria;o__Enterobacterales;f__Erwiniaceae;g__Pantoea;s__Pantoea ananatis
553|Pantoea ananatis	k__Bacteria;p__Pseudomonadota;c__Gammaproteobacteria;o__Enterobacterales;f__Erwiniaceae;g__Pantoea;s__Pantoea ananatis
615|Serratia marcescens	k__Bacteria;p__Pseudomonadota;c__Gammaproteobacteria;o__Enterobacterales;f__Yersiniaceae;g__Serratia;s__Serratia marcescens
615|Serratia marcescens	k__Bacteria;p__Pseudomonadota;c__Gammaproteobacteria;o__Enterobacterales;f__Yersiniaceae;g__Serratia;s__Serratia marcescens
615|Serratia marcescens	k__Bacteria;p__Pseudomonadota;c__Gammaproteobacteria;o__Enterobacterales;f__Yersiniaceae;g__Serratia;s__Serratia marcescens
573|Klebsiella pneumoniae	k__Bacteria;p__Pseudomonadota;c__Gammaproteobacteria;o__Enterobacterales;f__Enterobacteriaceae;g__Klebsiella;s__Klebsiella pneumoniae
573|Klebsiella pneumoniae	k__Bacteria;p__Pseudomonadota;c__Gammaproteobacteria;o__Enterobacterales;f__Enterobacteriaceae;g__Klebsiella;s__Klebsiella pneumoniae
573|Klebsiella pneumoniae	k__Bacteria;p__Pseudomonadota;c__Gammaproteobacteria;o__Enterobacterales;f__Enterobacteriaceae;g__Klebsiella;s__Klebsiella pneumoniae
40324|Stenotrophomonas maltophilia	k__Bacteria;p__Pseudomonadota;c__Gammaproteobacteria;o__Lysobacterales;f__Lysobacteraceae;g__Stenotrophomonas;s__Stenotrophomonas maltophilia
40324|Stenotrophomonas maltophilia	k__Bacteria;p__Pseudomonadota;c__Gammaproteobacteria;o__Lysobacterales;f__Lysobacteraceae;g__Stenotrophomonas;s__Stenotrophomonas maltophilia
40324|Stenotrophomonas maltophilia	k__Bacteria;p__Pseudomonadota;c__Gammaproteobacteria;o__Lysobacterales;f__Lysobacteraceae;g__Stenotrophomonas;s__Stenotrophomonas maltophilia
28092|Robbsia andropogonis/Pseudomonas andropogonis	k__Bacteria;p__Pseudomonadota;c__Betaproteobacteria;o__Burkholderiales;f__Burkholderiaceae;g__Robbsia;s__Robbsia andropogonis/Pseudomonas andropogonis
28092|Robbsia andropogonis/Pseudomonas andropogonis	k__Bacteria;p__Pseudomonadota;c__Betaproteobacteria;o__Burkholderiales;f__Burkholderiaceae;g__Robbsia;s__Robbsia andropogonis/Pseudomonas andropogonis
28092|Robbsia andropogonis/Pseudomonas andropogonis	k__Bacteria;p__Pseudomonadota;c__Betaproteobacteria;o__Burkholderiales;f__Burkholderiaceae;g__Robbsia;s__Robbsia andropogonis/Pseudomonas andropogonis
53407|Pseudomonas fuscovaginae / Pseudomonas asplenii	k__Bacteria;p__Pseudomonadota;c__Gammaproteobacteria;o__Pseudomonadales;f__Pseudomonadaceae;g__Pseudomonas;s__Pseudomonas fuscovaginae / Pseudomonas asplenii
53407|Pseudomonas fuscovaginae / Pseudomonas asplenii	k__Bacteria;p__Pseudomonadota;c__Gammaproteobacteria;o__Pseudomonadales;f__Pseudomonadaceae;g__Pseudomonas;s__Pseudomonas fuscovaginae / Pseudomonas asplenii
53407|Pseudomonas fuscovaginae / Pseudomonas asplenii	k__Bacteria;p__Pseudomonadota;c__Gammaproteobacteria;o__Pseudomonadales;f__Pseudomonadaceae;g__Pseudomonas;s__Pseudomonas fuscovaginae / Pseudomonas asplenii
69896|stolbur phytoplasma / Candidatus Phytoplasma solani	k__Bacteria;p__Mycoplasmatota;c__Mollicutes;o__Acholeplasmatales;f__Acholeplasmataceae;g__Phytoplasma;s__Candidatus Phytoplasma solani
69896|stolbur phytoplasma / Candidatus Phytoplasma solani	k__Bacteria;p__Mycoplasmatota;c__Mollicutes;o__Acholeplasmatales;f__Acholeplasmataceae;g__Phytoplasma;s__Candidatus Phytoplasma solani
69896|stolbur phytoplasma / Candidatus Phytoplasma solani	k__Bacteria;p__Mycoplasmatota;c__Mollicutes;o__Acholeplasmatales;f__Acholeplasmataceae;g__Phytoplasma;s__Candidatus Phytoplasma solani
550|Enterobacter cloacae	k__Bacteria;p__Pseudomonadota;c__Gammaproteobacteria;o__Enterobacterales;f__Enterobacteriaceae;g__Enterobacter;s__Enterobacter cloacae
550|Enterobacter cloacae	k__Bacteria;p__Pseudomonadota;c__Gammaproteobacteria;o__Enterobacterales;f__Enterobacteriaceae;g__Enterobacter;s__Enterobacter cloacae
550|Enterobacter cloacae	k__Bacteria;p__Pseudomonadota;c__Gammaproteobacteria;o__Enterobacterales;f__Enterobacteriaceae;g__Enterobacter;s__Enterobacter cloacae
1408|Bacillus pumilus	k__Bacteria;p__Bacillota;c__Bacilli;o__Caryophanales;f__Bacillaceae;g__Bacillus;s__Bacillus pumilus
1408|Bacillus pumilus	k__Bacteria;p__Bacillota;c__Bacilli;o__Caryophanales;f__Bacillaceae;g__Bacillus;s__Bacillus pumilus
1408|Bacillus pumilus	k__Bacteria;p__Bacillota;c__Bacilli;o__Caryophanales;f__Bacillaceae;g__Bacillus;s__Bacillus pumilus
55212|Erwinia rhapontici	k__Bacteria;p__Pseudomonadota;c__Gammaproteobacteria;o__Enterobacterales;f__Erwiniaceae;g__Erwinia;s__Erwinia rhapontici
55212|Erwinia rhapontici	k__Bacteria;p__Pseudomonadota;c__Gammaproteobacteria;o__Enterobacterales;f__Erwiniaceae;g__Erwinia;s__Erwinia rhapontici
55212|Erwinia rhapontici	k__Bacteria;p__Pseudomonadota;c__Gammaproteobacteria;o__Enterobacterales;f__Erwiniaceae;g__Erwinia;s__Erwinia rhapontici
1404|Bacillus megaterium (Priestia megaterium)	k__Bacteria;p__Bacillota;c__Bacilli;o__Caryophanales;f__Bacillaceae;g__Priestia;s__Bacillus megaterium (Priestia megaterium)
1404|Bacillus megaterium (Priestia megaterium)	k__Bacteria;p__Bacillota;c__Bacilli;o__Caryophanales;f__Bacillaceae;g__Priestia;s__Bacillus megaterium (Priestia megaterium)
1404|Bacillus megaterium (Priestia megaterium)	k__Bacteria;p__Bacillota;c__Bacilli;o__Caryophanales;f__Bacillaceae;g__Priestia;s__Bacillus megaterium (Priestia megaterium)
294|Pseudomonas fluorescens	k__Bacteria;p__Pseudomonadota;c__Gammaproteobacteria;o__Pseudomonadales;f__Pseudomonadaceae;g__Pseudomonas;s__Pseudomonas fluorescens
294|Pseudomonas fluorescens	k__Bacteria;p__Pseudomonadota;c__Gammaproteobacteria;o__Pseudomonadales;f__Pseudomonadaceae;g__Pseudomonas;s__Pseudomonas fluorescens
294|Pseudomonas fluorescens	k__Bacteria;p__Pseudomonadota;c__Gammaproteobacteria;o__Pseudomonadales;f__Pseudomonadaceae;g__Pseudomonas;s__Pseudomonas fluorescens
2035|Curtobacterium flaccumfaciens pv. flaccumfaciens	k__Bacteria;p__Actinomycetota;c__Actinomycetes;o__Micrococcales;f__Microbacteriaceae;g__Curtobacterium;s__Curtobacterium flaccumfaciens pv. flaccumfaciens
2035|Curtobacterium flaccumfaciens pv. flaccumfaciens	k__Bacteria;p__Actinomycetota;c__Actinomycetes;o__Micrococcales;f__Microbacteriaceae;g__Curtobacterium;s__Curtobacterium flaccumfaciens pv. flaccumfaciens
2035|Curtobacterium flaccumfaciens pv. flaccumfaciens	k__Bacteria;p__Actinomycetota;c__Actinomycetes;o__Micrococcales;f__Microbacteriaceae;g__Curtobacterium;s__Curtobacterium flaccumfaciens pv. flaccumfaciens
1396|Bacillus cereus	k__Bacteria;p__Bacillota;c__Bacilli;o__Caryophanales;f__Bacillaceae;g__Bacillus;s__Bacillus cereus
1396|Bacillus cereus	k__Bacteria;p__Bacillota;c__Bacilli;o__Caryophanales;f__Bacillaceae;g__Bacillus;s__Bacillus cereus
1396|Bacillus cereus	k__Bacteria;p__Bacillota;c__Bacilli;o__Caryophanales;f__Bacillaceae;g__Bacillus;s__Bacillus cereus
1423|Bacillus subtilis	k__Bacteria;p__Bacillota;c__Bacilli;o__Caryophanales;f__Bacillaceae;g__Bacillus;s__Bacillus subtilis
1423|Bacillus subtilis	k__Bacteria;p__Bacillota;c__Bacilli;o__Caryophanales;f__Bacillaceae;g__Bacillus;s__Bacillus subtilis
1423|Bacillus subtilis	k__Bacteria;p__Bacillota;c__Bacilli;o__Caryophanales;f__Bacillaceae;g__Bacillus;s__Bacillus subtilis
10821|Maize streak virus (MSV)	k__Shotokuvirae;p__Cressdnaviricota;c__Repensiviricetes;o__Geplafuvirales;f__Geminiviridae;g__Mastrevirus;s__Maize streak virus (MSV)
10821|Maize streak virus (MSV)	k__Shotokuvirae;p__Cressdnaviricota;c__Repensiviricetes;o__Geplafuvirales;f__Geminiviridae;g__Mastrevirus;s__Maize streak virus (MSV)
10821|Maize streak virus (MSV)	k__Shotokuvirae;p__Cressdnaviricota;c__Repensiviricetes;o__Geplafuvirales;f__Geminiviridae;g__Mastrevirus;s__Maize streak virus (MSV)
12203|Maize dwarf mosaic virus (MDMV)	k__Orthornavirae;p__Pisuviricota;c__Stelpaviricetes;o__Patatavirales;f__Potyviridae;g__Potyvirus;s__Maize dwarf mosaic virus (MDMV)
12203|Maize dwarf mosaic virus (MDMV)	k__Orthornavirae;p__Pisuviricota;c__Stelpaviricetes;o__Patatavirales;f__Potyviridae;g__Potyvirus;s__Maize dwarf mosaic virus (MDMV)
12203|Maize dwarf mosaic virus (MDMV)	k__Orthornavirae;p__Pisuviricota;c__Stelpaviricetes;o__Patatavirales;f__Potyviridae;g__Potyvirus;s__Maize dwarf mosaic virus (MDMV)
12224|Sugarcane mosaic virus (SCMV)	k__Orthornavirae;p__Pisuviricota;c__Stelpaviricetes;o__Patatavirales;f__Potyviridae;g__Potyvirus;s__Sugarcane mosaic virus (SCMV)
12224|Sugarcane mosaic virus (SCMV)	k__Orthornavirae;p__Pisuviricota;c__Stelpaviricetes;o__Patatavirales;f__Potyviridae;g__Potyvirus;s__Sugarcane mosaic virus (SCMV)
12224|Sugarcane mosaic virus (SCMV)	k__Orthornavirae;p__Pisuviricota;c__Stelpaviricetes;o__Patatavirales;f__Potyviridae;g__Potyvirus;s__Sugarcane mosaic virus (SCMV)
12138|Maize chlorotic mottle virus (MCMV)	k__Orthornavirae;p__Kitrinoviricota;c__Tolucaviricetes;o__Tolivirales;f__Tombusviridae;g__Machlomovirus;s__Maize chlorotic mottle virus (MCMV)
12138|Maize chlorotic mottle virus (MCMV)	k__Orthornavirae;p__Kitrinoviricota;c__Tolucaviricetes;o__Tolivirales;f__Tombusviridae;g__Machlomovirus;s__Maize chlorotic mottle virus (MCMV)
12138|Maize chlorotic mottle virus (MCMV)	k__Orthornavirae;p__Kitrinoviricota;c__Tolucaviricetes;o__Tolivirales;f__Tombusviridae;g__Machlomovirus;s__Maize chlorotic mottle virus (MCMV)
279896|Maize mosaic virus (MMV)	k__Orthornavirae;p__Negarnaviricota;c__Monjiviricetes;o__Mononegavirales;f__Rhabdoviridae;g__Alphanucleorhabdovirus;s__Maize mosaic virus (MMV)
279896|Maize mosaic virus (MMV)	k__Orthornavirae;p__Negarnaviricota;c__Monjiviricetes;o__Mononegavirales;f__Rhabdoviridae;g__Alphanucleorhabdovirus;s__Maize mosaic virus (MMV)
279896|Maize mosaic virus (MMV)	k__Orthornavirae;p__Negarnaviricota;c__Monjiviricetes;o__Mononegavirales;f__Rhabdoviridae;g__Alphanucleorhabdovirus;s__Maize mosaic virus (MMV)
209854|Maize fine streak virus (MFSV)	k__Orthornavirae;p__Negarnaviricota;c__Monjiviricetes;o__Mononegavirales;f__Rhabdoviridae;g__Gammanucleorhabdovirus;s__Maize fine streak virus (MFSV)
209854|Maize fine streak virus (MFSV)	k__Orthornavirae;p__Negarnaviricota;c__Monjiviricetes;o__Mononegavirales;f__Rhabdoviridae;g__Gammanucleorhabdovirus;s__Maize fine streak virus (MFSV)
10989|Maize rough dwarf virus (MRDV)	k__Orthornavirae;p__Duplornaviricota;c__Resentoviricetes;o__Reovirales;f__Spinareoviridae;g__Fijivirus;s__Maize rough dwarf virus (MRDV)
10989|Maize rough dwarf virus (MRDV)	k__Orthornavirae;p__Duplornaviricota;c__Resentoviricetes;o__Reovirales;f__Spinareoviridae;g__Fijivirus;s__Maize rough dwarf virus (MRDV)
10989|Maize rough dwarf virus (MRDV)	k__Orthornavirae;p__Duplornaviricota;c__Resentoviricetes;o__Reovirales;f__Spinareoviridae;g__Fijivirus;s__Maize rough dwarf virus (MRDV)
59749|Maize rayado fino virus (MRFV)	k__Orthornavirae;p__Kitrinoviricota;c__Alsuviricetes;o__Tymovirales;f__Tymoviridae;g__Marafivirus;s__Maize rayado fino virus (MRFV)
59749|Maize rayado fino virus (MRFV)	k__Orthornavirae;p__Kitrinoviricota;c__Alsuviricetes;o__Tymovirales;f__Tymoviridae;g__Marafivirus;s__Maize rayado fino virus (MRFV)
59749|Maize rayado fino virus (MRFV)	k__Orthornavirae;p__Kitrinoviricota;c__Alsuviricetes;o__Tymovirales;f__Tymoviridae;g__Marafivirus;s__Maize rayado fino virus (MRFV)
51354|Maize chlorotic dwarf virus (MCDV)	k__Orthornavirae;p__Pisuviricota;c__Pisoniviricetes;o__Picornavirales;f__Secoviridae;g__Waikavirus;s__Maize chlorotic dwarf virus (MCDV)
51354|Maize chlorotic dwarf virus (MCDV)	k__Orthornavirae;p__Pisuviricota;c__Pisoniviricetes;o__Picornavirales;f__Secoviridae;g__Waikavirus;s__Maize chlorotic dwarf virus (MCDV)
51354|Maize chlorotic dwarf virus (MCDV)	k__Orthornavirae;p__Pisuviricota;c__Pisoniviricetes;o__Picornavirales;f__Secoviridae;g__Waikavirus;s__Maize chlorotic dwarf virus (MCDV)
31741|Wheat streak mosaic virus (WSMV)	k__Orthornavirae;p__Pisuviricota;c__Stelpaviricetes;o__Patatavirales;f__Potyviridae;g__Tritimovirus;s__Wheat streak mosaic virus (WSMV)
31741|Wheat streak mosaic virus (WSMV)	k__Orthornavirae;p__Pisuviricota;c__Stelpaviricetes;o__Patatavirales;f__Potyviridae;g__Tritimovirus;s__Wheat streak mosaic virus (WSMV)
31741|Wheat streak mosaic virus (WSMV)	k__Orthornavirae;p__Pisuviricota;c__Stelpaviricetes;o__Patatavirales;f__Potyviridae;g__Tritimovirus;s__Wheat streak mosaic virus (WSMV)
10990|Rice black streaked dwarf virus (RBSDV) _	k__Orthornavirae;p__Duplornaviricota;c__Resentoviricetes;o__Reovirales;f__Spinareoviridae;g__Fijivirus;s__Rice black streaked dwarf virus (RBSDV) ★
10990|Rice black streaked dwarf virus (RBSDV) _	k__Orthornavirae;p__Duplornaviricota;c__Resentoviricetes;o__Reovirales;f__Spinareoviridae;g__Fijivirus;s__Rice black streaked dwarf virus (RBSDV) ★
10990|Rice black streaked dwarf virus (RBSDV) _	k__Orthornavirae;p__Duplornaviricota;c__Resentoviricetes;o__Reovirales;f__Spinareoviridae;g__Fijivirus;s__Rice black streaked dwarf virus (RBSDV) ★
3052767|Maize stripe virus (MSpV)	k__Orthornavirae;p__Negarnaviricota;c__Bunyaviricetes;o__Hareavirales;f__Phenuiviridae;g__Tenuivirus;s__Maize stripe virus (MSpV)
3052767|Maize stripe virus (MSpV)	k__Orthornavirae;p__Negarnaviricota;c__Bunyaviricetes;o__Hareavirales;f__Phenuiviridae;g__Tenuivirus;s__Maize stripe virus (MSpV)
3052767|Maize stripe virus (MSpV)	k__Orthornavirae;p__Negarnaviricota;c__Bunyaviricetes;o__Hareavirales;f__Phenuiviridae;g__Tenuivirus;s__Maize stripe virus (MSpV)
1980428|High Plains wheat mosaic virus (HPWMoV)	k__Orthornavirae;p__Negarnaviricota;c__Bunyaviricetes;o__Elliovirales;f__Fimoviridae;g__Emaravirus;s__High Plains wheat mosaic virus (HPWMoV)
1980428|High Plains wheat mosaic virus (HPWMoV)	k__Orthornavirae;p__Negarnaviricota;c__Bunyaviricetes;o__Elliovirales;f__Fimoviridae;g__Emaravirus;s__High Plains wheat mosaic virus (HPWMoV)
1980428|High Plains wheat mosaic virus (HPWMoV)	k__Orthornavirae;p__Negarnaviricota;c__Bunyaviricetes;o__Elliovirales;f__Fimoviridae;g__Emaravirus;s__High Plains wheat mosaic virus (HPWMoV)
31742|Johnsongrass mosaic virus (JGMV)	k__Orthornavirae;p__Pisuviricota;c__Stelpaviricetes;o__Patatavirales;f__Potyviridae;g__Potyvirus;s__Johnsongrass mosaic virus (JGMV)
31742|Johnsongrass mosaic virus (JGMV)	k__Orthornavirae;p__Pisuviricota;c__Stelpaviricetes;o__Patatavirales;f__Potyviridae;g__Potyvirus;s__Johnsongrass mosaic virus (JGMV)
31742|Johnsongrass mosaic virus (JGMV)	k__Orthornavirae;p__Pisuviricota;c__Stelpaviricetes;o__Patatavirales;f__Potyviridae;g__Potyvirus;s__Johnsongrass mosaic virus (JGMV)
519497|Southern rice black streaked dwarf virus (SRBSDV)	k__Orthornavirae;p__Duplornaviricota;c__Resentoviricetes;o__Reovirales;f__Spinareoviridae;g__Fijivirus;s__Southern rice black streaked dwarf virus (SRBSDV)
519497|Southern rice black streaked dwarf virus (SRBSDV)	k__Orthornavirae;p__Duplornaviricota;c__Resentoviricetes;o__Reovirales;f__Spinareoviridae;g__Fijivirus;s__Southern rice black streaked dwarf virus (SRBSDV)
519497|Southern rice black streaked dwarf virus (SRBSDV)	k__Orthornavirae;p__Duplornaviricota;c__Resentoviricetes;o__Reovirales;f__Spinareoviridae;g__Fijivirus;s__Southern rice black streaked dwarf virus (SRBSDV)
185954|Mal de Rio Cuarto virus (MRCV)	k__Orthornavirae;p__Duplornaviricota;c__Resentoviricetes;o__Reovirales;f__Spinareoviridae;g__Fijivirus;s__Mal de Rio Cuarto virus (MRCV)
185954|Mal de Rio Cuarto virus (MRCV)	k__Orthornavirae;p__Duplornaviricota;c__Resentoviricetes;o__Reovirales;f__Spinareoviridae;g__Fijivirus;s__Mal de Rio Cuarto virus (MRCV)
185954|Mal de Rio Cuarto virus (MRCV)	k__Orthornavirae;p__Duplornaviricota;c__Resentoviricetes;o__Reovirales;f__Spinareoviridae;g__Fijivirus;s__Mal de Rio Cuarto virus (MRCV)
2170101|Maize yellow dwarf virus-RMV (MYDV-RMV)	k__Orthornavirae;p__Pisuviricota;c__Pisoniviricetes;o__Sobelivirales;f__Solemoviridae;g__Polerovirus;s__Maize yellow dwarf virus-RMV (MYDV-RMV)
2170101|Maize yellow dwarf virus-RMV (MYDV-RMV)	k__Orthornavirae;p__Pisuviricota;c__Pisoniviricetes;o__Sobelivirales;f__Solemoviridae;g__Polerovirus;s__Maize yellow dwarf virus-RMV (MYDV-RMV)
2170101|Maize yellow dwarf virus-RMV (MYDV-RMV)	k__Orthornavirae;p__Pisuviricota;c__Pisoniviricetes;o__Sobelivirales;f__Solemoviridae;g__Polerovirus;s__Maize yellow dwarf virus-RMV (MYDV-RMV)
2169984|Barley yellow dwarf virus-MAV (BYDV-MAV)  /  Maize leaf fleck virus	k__Orthornavirae;p__Kitrinoviricota;c__Tolucaviricetes;o__Tolivirales;f__Tombusviridae;g__Luteovirus;s__Barley yellow dwarf virus-MAV (BYDV-MAV) / Maize leaf fleck virus
2169984|Barley yellow dwarf virus-MAV (BYDV-MAV)  /  Maize leaf fleck virus	k__Orthornavirae;p__Kitrinoviricota;c__Tolucaviricetes;o__Tolivirales;f__Tombusviridae;g__Luteovirus;s__Barley yellow dwarf virus-MAV (BYDV-MAV) / Maize leaf fleck virus
2169984|Barley yellow dwarf virus-MAV (BYDV-MAV)  /  Maize leaf fleck virus	k__Orthornavirae;p__Kitrinoviricota;c__Tolucaviricetes;o__Tolivirales;f__Tombusviridae;g__Luteovirus;s__Barley yellow dwarf virus-MAV (BYDV-MAV) / Maize leaf fleck virus
1856642|Maize yellow mosaic virus (MaYMV)	k__Orthornavirae;p__Pisuviricota;c__Pisoniviricetes;o__Sobelivirales;f__Solemoviridae;g__Polerovirus;s__Maize yellow mosaic virus (MaYMV)
1856642|Maize yellow mosaic virus (MaYMV)	k__Orthornavirae;p__Pisuviricota;c__Pisoniviricetes;o__Sobelivirales;f__Solemoviridae;g__Polerovirus;s__Maize yellow mosaic virus (MaYMV)
1856642|Maize yellow mosaic virus (MaYMV)	k__Orthornavirae;p__Pisuviricota;c__Pisoniviricetes;o__Sobelivirales;f__Solemoviridae;g__Polerovirus;s__Maize yellow mosaic virus (MaYMV)
137556|Maize necrotic streak virus (MNeSV)	k__Orthornavirae;p__Kitrinoviricota;c__Tolucaviricetes;o__Tolivirales;f__Tombusviridae;g__Zeavirus;s__Maize necrotic streak virus (MNeSV)
137556|Maize necrotic streak virus (MNeSV)	k__Orthornavirae;p__Kitrinoviricota;c__Tolucaviricetes;o__Tolivirales;f__Tombusviridae;g__Zeavirus;s__Maize necrotic streak virus (MNeSV)
445227|Maize white line mosaic virus (MWLMV)	k__Orthornavirae;p__Kitrinoviricota;c__Tolucaviricetes;o__Tolivirales;f__Tombusviridae;g__Aureusvirus;s__Maize white line mosaic virus (MWLMV)
445227|Maize white line mosaic virus (MWLMV)	k__Orthornavirae;p__Kitrinoviricota;c__Tolucaviricetes;o__Tolivirales;f__Tombusviridae;g__Aureusvirus;s__Maize white line mosaic virus (MWLMV)
348823|Maize Iranian mosaic virus (MIMV)	k__Orthornavirae;p__Negarnaviricota;c__Monjiviricetes;o__Mononegavirales;f__Rhabdoviridae;g__Alphanucleorhabdovirus;s__Maize Iranian mosaic virus (MIMV)
348823|Maize Iranian mosaic virus (MIMV)	k__Orthornavirae;p__Negarnaviricota;c__Monjiviricetes;o__Mononegavirales;f__Rhabdoviridae;g__Alphanucleorhabdovirus;s__Maize Iranian mosaic virus (MIMV)
348823|Maize Iranian mosaic virus (MIMV)	k__Orthornavirae;p__Negarnaviricota;c__Monjiviricetes;o__Mononegavirales;f__Rhabdoviridae;g__Alphanucleorhabdovirus;s__Maize Iranian mosaic virus (MIMV)
2545470|Maize sterile stunt virus (MSSV)/Barley yellow striate mosaic virus	k__Orthornavirae;p__Negarnaviricota;c__Monjiviricetes;o__Mononegavirales;f__Rhabdoviridae;g__Betacytorhabdovirus;s__Maize sterile stunt virus (MSSV)/Barley yellow striate mosaic virus
32619|Sorghum mosaic virus (SrMV)	k__Orthornavirae;p__Pisuviricota;c__Stelpaviricetes;o__Patatavirales;f__Potyviridae;g__Potyvirus;s__Sorghum mosaic virus (SrMV)
32619|Sorghum mosaic virus (SrMV)	k__Orthornavirae;p__Pisuviricota;c__Stelpaviricetes;o__Patatavirales;f__Potyviridae;g__Potyvirus;s__Sorghum mosaic virus (SrMV)
32619|Sorghum mosaic virus (SrMV)	k__Orthornavirae;p__Pisuviricota;c__Stelpaviricetes;o__Patatavirales;f__Potyviridae;g__Potyvirus;s__Sorghum mosaic virus (SrMV)
2557970|Maize streak dwarfing virus	k__Shotokuvirae;p__Cressdnaviricota;c__Repensiviricetes;o__Geplafuvirales;f__Geminiviridae;g__Mastrevirus;s__Maize streak dwarfing virus
2557970|Maize streak dwarfing virus	k__Shotokuvirae;p__Cressdnaviricota;c__Repensiviricetes;o__Geplafuvirales;f__Geminiviridae;g__Mastrevirus;s__Maize streak dwarfing virus
2557970|Maize streak dwarfing virus	k__Shotokuvirae;p__Cressdnaviricota;c__Repensiviricetes;o__Geplafuvirales;f__Geminiviridae;g__Mastrevirus;s__Maize streak dwarfing virus
221262|Pennisetum Mosaic Virus	k__Orthornavirae;p__Pisuviricota;c__Stelpaviricetes;o__Patatavirales;f__Potyviridae;g__Potyvirus;s__Pennisetum Mosaic Virus
221262|Pennisetum Mosaic Virus	k__Orthornavirae;p__Pisuviricota;c__Stelpaviricetes;o__Patatavirales;f__Potyviridae;g__Potyvirus;s__Pennisetum Mosaic Virus
221262|Pennisetum Mosaic Virus	k__Orthornavirae;p__Pisuviricota;c__Stelpaviricetes;o__Patatavirales;f__Potyviridae;g__Potyvirus;s__Pennisetum Mosaic Virus
12327|Barley stripe mosaic virus	k__Orthornavirae;p__Kitrinoviricota;c__Alsuviricetes;o__Martellivirales;f__Virgaviridae;g__Hordeivirus;s__Barley stripe mosaic virus
12327|Barley stripe mosaic virus	k__Orthornavirae;p__Kitrinoviricota;c__Alsuviricetes;o__Martellivirales;f__Virgaviridae;g__Hordeivirus;s__Barley stripe mosaic virus
12327|Barley stripe mosaic virus	k__Orthornavirae;p__Kitrinoviricota;c__Alsuviricetes;o__Martellivirales;f__Virgaviridae;g__Hordeivirus;s__Barley stripe mosaic virus
12302|Brome mosaic virus	k__Orthornavirae;p__Kitrinoviricota;c__Alsuviricetes;o__Martellivirales;f__Bromoviridae;g__Bromovirus;s__Brome mosaic virus
12302|Brome mosaic virus	k__Orthornavirae;p__Kitrinoviricota;c__Alsuviricetes;o__Martellivirales;f__Bromoviridae;g__Bromovirus;s__Brome mosaic virus
12302|Brome mosaic virus	k__Orthornavirae;p__Kitrinoviricota;c__Alsuviricetes;o__Martellivirales;f__Bromoviridae;g__Bromovirus;s__Brome mosaic virus
2964312|Cereal chlorotic mottle virus	k__Orthornavirae;p__Negarnaviricota;c__Monjiviricetes;o__Mononegavirales;f__Rhabdoviridae;g__Gammanucleorhabdovirus;s__Cereal chlorotic mottle virus
2964312|Cereal chlorotic mottle virus	k__Orthornavirae;p__Negarnaviricota;c__Monjiviricetes;o__Mononegavirales;f__Rhabdoviridae;g__Gammanucleorhabdovirus;s__Cereal chlorotic mottle virus
12305|Cucumber mosaic virus	k__Orthornavirae;p__Kitrinoviricota;c__Alsuviricetes;o__Martellivirales;f__Bromoviridae;g__Cucumovirus;s__Cucumber mosaic virus
12305|Cucumber mosaic virus	k__Orthornavirae;p__Kitrinoviricota;c__Alsuviricetes;o__Martellivirales;f__Bromoviridae;g__Cucumovirus;s__Cucumber mosaic virus
12305|Cucumber mosaic virus	k__Orthornavirae;p__Kitrinoviricota;c__Alsuviricetes;o__Martellivirales;f__Bromoviridae;g__Cucumovirus;s__Cucumber mosaic virus
328622|Maize yellow stripe virus	k__Orthornavirae;p__Negarnaviricota;c__Bunyaviricetes;o__Hareavirales;f__Phenuiviridae;g__Tenuivirus;s__Maize yellow stripe virus
328622|Maize yellow stripe virus	k__Orthornavirae;p__Negarnaviricota;c__Bunyaviricetes;o__Hareavirales;f__Phenuiviridae;g__Tenuivirus;s__Maize yellow stripe virus
328622|Maize yellow stripe virus	k__Orthornavirae;p__Negarnaviricota;c__Bunyaviricetes;o__Hareavirales;f__Phenuiviridae;g__Tenuivirus;s__Maize yellow stripe virus
1182518|Maize streak Reunion virus	k__Shotokuvirae;p__Cressdnaviricota;c__Repensiviricetes;o__Geplafuvirales;f__Geminiviridae;g__Mastrevirus;s__Maize streak Reunion virus
1182518|Maize streak Reunion virus	k__Shotokuvirae;p__Cressdnaviricota;c__Repensiviricetes;o__Geplafuvirales;f__Geminiviridae;g__Mastrevirus;s__Maize streak Reunion virus
1182518|Maize streak Reunion virus	k__Shotokuvirae;p__Cressdnaviricota;c__Repensiviricetes;o__Geplafuvirales;f__Geminiviridae;g__Mastrevirus;s__Maize streak Reunion virus
3052763|Rice stripe virus / Tenuivirus oryzaclavatae	k__Orthornavirae;p__Negarnaviricota;c__Bunyaviricetes;o__Hareavirales;f__Phenuiviridae;g__Tenuivirus;s__Rice stripe virus / Tenuivirus oryzaclavatae
3052763|Rice stripe virus / Tenuivirus oryzaclavatae	k__Orthornavirae;p__Negarnaviricota;c__Bunyaviricetes;o__Hareavirales;f__Phenuiviridae;g__Tenuivirus;s__Rice stripe virus / Tenuivirus oryzaclavatae
3052763|Rice stripe virus / Tenuivirus oryzaclavatae	k__Orthornavirae;p__Negarnaviricota;c__Bunyaviricetes;o__Hareavirales;f__Phenuiviridae;g__Tenuivirus;s__Rice stripe virus / Tenuivirus oryzaclavatae
1756285|Maize-associated totivirus	k__Orthornavirae;p__Duplornaviricota;c__Chrymotiviricetes;o__Ghabrivirales;f__Orthototiviridae;g__Totivirus;s__Maize-associated totivirus
1756285|Maize-associated totivirus	k__Orthornavirae;p__Duplornaviricota;c__Chrymotiviricetes;o__Ghabrivirales;f__Orthototiviridae;g__Totivirus;s__Maize-associated totivirus
1756285|Maize-associated totivirus	k__Orthornavirae;p__Duplornaviricota;c__Chrymotiviricetes;o__Ghabrivirales;f__Orthototiviridae;g__Totivirus;s__Maize-associated totivirus
117187|Fusarium verticillioides (Gibberella moniliformis)	k__Fungi;p__Ascomycota;c__Sordariomycetes;o__Hypocreales;f__Nectriaceae;g__Fusarium;s__Fusarium verticillioides (Gibberella moniliformis)
117187|Fusarium verticillioides (Gibberella moniliformis)	k__Fungi;p__Ascomycota;c__Sordariomycetes;o__Hypocreales;f__Nectriaceae;g__Fusarium;s__Fusarium verticillioides (Gibberella moniliformis)
117187|Fusarium verticillioides (Gibberella moniliformis)	k__Fungi;p__Ascomycota;c__Sordariomycetes;o__Hypocreales;f__Nectriaceae;g__Fusarium;s__Fusarium verticillioides (Gibberella moniliformis)
5518|Fusarium graminearum (Gibberella zeae)	k__Fungi;p__Ascomycota;c__Sordariomycetes;o__Hypocreales;f__Nectriaceae;g__Fusarium;s__Fusarium graminearum (Gibberella zeae)
5518|Fusarium graminearum (Gibberella zeae)	k__Fungi;p__Ascomycota;c__Sordariomycetes;o__Hypocreales;f__Nectriaceae;g__Fusarium;s__Fusarium graminearum (Gibberella zeae)
5518|Fusarium graminearum (Gibberella zeae)	k__Fungi;p__Ascomycota;c__Sordariomycetes;o__Hypocreales;f__Nectriaceae;g__Fusarium;s__Fusarium graminearum (Gibberella zeae)
948311|Fusarium proliferatum	k__Fungi;p__Ascomycota;c__Sordariomycetes;o__Hypocreales;f__Nectriaceae;g__Fusarium;s__Fusarium proliferatum
948311|Fusarium proliferatum	k__Fungi;p__Ascomycota;c__Sordariomycetes;o__Hypocreales;f__Nectriaceae;g__Fusarium;s__Fusarium proliferatum
948311|Fusarium proliferatum	k__Fungi;p__Ascomycota;c__Sordariomycetes;o__Hypocreales;f__Nectriaceae;g__Fusarium;s__Fusarium proliferatum
42677|Fusarium subglutinans	k__Fungi;p__Ascomycota;c__Sordariomycetes;o__Hypocreales;f__Nectriaceae;g__Fusarium;s__Fusarium subglutinans
42677|Fusarium subglutinans	k__Fungi;p__Ascomycota;c__Sordariomycetes;o__Hypocreales;f__Nectriaceae;g__Fusarium;s__Fusarium subglutinans
42677|Fusarium subglutinans	k__Fungi;p__Ascomycota;c__Sordariomycetes;o__Hypocreales;f__Nectriaceae;g__Fusarium;s__Fusarium subglutinans
5127|Gibberella fujikuroi (Fusarium fujikuroi)	k__Fungi;p__Ascomycota;c__Sordariomycetes;o__Hypocreales;f__Nectriaceae;g__Fusarium;s__Gibberella fujikuroi (Fusarium fujikuroi)
5127|Gibberella fujikuroi (Fusarium fujikuroi)	k__Fungi;p__Ascomycota;c__Sordariomycetes;o__Hypocreales;f__Nectriaceae;g__Fusarium;s__Gibberella fujikuroi (Fusarium fujikuroi)
5127|Gibberella fujikuroi (Fusarium fujikuroi)	k__Fungi;p__Ascomycota;c__Sordariomycetes;o__Hypocreales;f__Nectriaceae;g__Fusarium;s__Gibberella fujikuroi (Fusarium fujikuroi)
31870|Colletotrichum graminicola /Glomerella graminicola	k__Fungi;p__Ascomycota;c__Sordariomycetes;o__Glomerellales;f__Glomerellaceae;g__Colletotrichum;s__Colletotrichum graminicola /Glomerella graminicola
31870|Colletotrichum graminicola /Glomerella graminicola	k__Fungi;p__Ascomycota;c__Sordariomycetes;o__Glomerellales;f__Glomerellaceae;g__Colletotrichum;s__Colletotrichum graminicola /Glomerella graminicola
31870|Colletotrichum graminicola /Glomerella graminicola	k__Fungi;p__Ascomycota;c__Sordariomycetes;o__Glomerellales;f__Glomerellaceae;g__Colletotrichum;s__Colletotrichum graminicola /Glomerella graminicola
238245|Stenocarpella maydis (Diplodia maydis)	k__Fungi;p__Ascomycota;c__Sordariomycetes;o__Diaporthales;f__Diaporthaceae;g__Stenocarpella;s__Stenocarpella maydis (Diplodia maydis)
238245|Stenocarpella maydis (Diplodia maydis)	k__Fungi;p__Ascomycota;c__Sordariomycetes;o__Diaporthales;f__Diaporthaceae;g__Stenocarpella;s__Stenocarpella maydis (Diplodia maydis)
238245|Stenocarpella maydis (Diplodia maydis)	k__Fungi;p__Ascomycota;c__Sordariomycetes;o__Diaporthales;f__Diaporthaceae;g__Stenocarpella;s__Stenocarpella maydis (Diplodia maydis)
371126|Stenocarpella macrospora	k__Fungi;p__Ascomycota;c__Sordariomycetes;o__Diaporthales;f__Diaporthaceae;g__Stenocarpella;s__Stenocarpella macrospora
371126|Stenocarpella macrospora	k__Fungi;p__Ascomycota;c__Sordariomycetes;o__Diaporthales;f__Diaporthaceae;g__Stenocarpella;s__Stenocarpella macrospora
371126|Stenocarpella macrospora	k__Fungi;p__Ascomycota;c__Sordariomycetes;o__Diaporthales;f__Diaporthaceae;g__Stenocarpella;s__Stenocarpella macrospora
335854|Nigrospora oryzae (Khuskia oryzae)	k__Fungi;p__Ascomycota;c__Sordariomycetes;o__Amphisphaeriales;f__Apiosporaceae;g__Nigrospora;s__Nigrospora oryzae (Khuskia oryzae)
335854|Nigrospora oryzae (Khuskia oryzae)	k__Fungi;p__Ascomycota;c__Sordariomycetes;o__Amphisphaeriales;f__Apiosporaceae;g__Nigrospora;s__Nigrospora oryzae (Khuskia oryzae)
335854|Nigrospora oryzae (Khuskia oryzae)	k__Fungi;p__Ascomycota;c__Sordariomycetes;o__Amphisphaeriales;f__Apiosporaceae;g__Nigrospora;s__Nigrospora oryzae (Khuskia oryzae)
5046|Sarocladium strictum (Acremonium strictum)	k__Fungi;p__Ascomycota;c__Sordariomycetes;o__Hypocreales;f__Sarocladiaceae;g__Sarocladium;s__Sarocladium strictum (Acremonium strictum)
5046|Sarocladium strictum (Acremonium strictum)	k__Fungi;p__Ascomycota;c__Sordariomycetes;o__Hypocreales;f__Sarocladiaceae;g__Sarocladium;s__Sarocladium strictum (Acremonium strictum)
5046|Sarocladium strictum (Acremonium strictum)	k__Fungi;p__Ascomycota;c__Sordariomycetes;o__Hypocreales;f__Sarocladiaceae;g__Sarocladium;s__Sarocladium strictum (Acremonium strictum)
89175|Claviceps gigantea	k__Fungi;p__Ascomycota;c__Sordariomycetes;o__Hypocreales;f__Clavicipitaceae;g__Claviceps;s__Claviceps gigantea
89175|Claviceps gigantea	k__Fungi;p__Ascomycota;c__Sordariomycetes;o__Hypocreales;f__Clavicipitaceae;g__Claviceps;s__Claviceps gigantea
89175|Claviceps gigantea	k__Fungi;p__Ascomycota;c__Sordariomycetes;o__Hypocreales;f__Clavicipitaceae;g__Claviceps;s__Claviceps gigantea
318829|Pyricularia oryzae (Magnaporthe oryzae)	k__Fungi;p__Ascomycota;c__Sordariomycetes;o__Magnaporthales;f__Pyriculariaceae;g__Pyricularia;s__Pyricularia oryzae (Magnaporthe oryzae)
318829|Pyricularia oryzae (Magnaporthe oryzae)	k__Fungi;p__Ascomycota;c__Sordariomycetes;o__Magnaporthales;f__Pyriculariaceae;g__Pyricularia;s__Pyricularia oryzae (Magnaporthe oryzae)
318829|Pyricularia oryzae (Magnaporthe oryzae)	k__Fungi;p__Ascomycota;c__Sordariomycetes;o__Magnaporthales;f__Pyriculariaceae;g__Pyricularia;s__Pyricularia oryzae (Magnaporthe oryzae)
93612|Exserohilum turcicum (Setosphaeria turcica)	k__Fungi;p__Ascomycota;c__Dothideomycetes;o__Pleosporales;f__Pleosporaceae;g__Exserohilum;s__Exserohilum turcicum (Setosphaeria turcica)
93612|Exserohilum turcicum (Setosphaeria turcica)	k__Fungi;p__Ascomycota;c__Dothideomycetes;o__Pleosporales;f__Pleosporaceae;g__Exserohilum;s__Exserohilum turcicum (Setosphaeria turcica)
93612|Exserohilum turcicum (Setosphaeria turcica)	k__Fungi;p__Ascomycota;c__Dothideomycetes;o__Pleosporales;f__Pleosporaceae;g__Exserohilum;s__Exserohilum turcicum (Setosphaeria turcica)
5016|Bipolaris maydis (Cochliobolus heterostrophus)	k__Fungi;p__Ascomycota;c__Dothideomycetes;o__Pleosporales;f__Pleosporaceae;g__Bipolaris;s__Bipolaris maydis (Cochliobolus heterostrophus)
5016|Bipolaris maydis (Cochliobolus heterostrophus)	k__Fungi;p__Ascomycota;c__Dothideomycetes;o__Pleosporales;f__Pleosporaceae;g__Bipolaris;s__Bipolaris maydis (Cochliobolus heterostrophus)
5016|Bipolaris maydis (Cochliobolus heterostrophus)	k__Fungi;p__Ascomycota;c__Dothideomycetes;o__Pleosporales;f__Pleosporaceae;g__Bipolaris;s__Bipolaris maydis (Cochliobolus heterostrophus)
5017|Bipolaris zeicola (Cochliobolus carbonum)	k__Fungi;p__Ascomycota;c__Dothideomycetes;o__Pleosporales;f__Pleosporaceae;g__Bipolaris;s__Bipolaris zeicola (Cochliobolus carbonum)
5017|Bipolaris zeicola (Cochliobolus carbonum)	k__Fungi;p__Ascomycota;c__Dothideomycetes;o__Pleosporales;f__Pleosporaceae;g__Bipolaris;s__Bipolaris zeicola (Cochliobolus carbonum)
5017|Bipolaris zeicola (Cochliobolus carbonum)	k__Fungi;p__Ascomycota;c__Dothideomycetes;o__Pleosporales;f__Pleosporaceae;g__Bipolaris;s__Bipolaris zeicola (Cochliobolus carbonum)
135779|Cercospora zeae-maydis	k__Fungi;p__Ascomycota;c__Dothideomycetes;o__Mycosphaerellales;f__Mycosphaerellaceae;g__Cercospora;s__Cercospora zeae-maydis
135779|Cercospora zeae-maydis	k__Fungi;p__Ascomycota;c__Dothideomycetes;o__Mycosphaerellales;f__Mycosphaerellaceae;g__Cercospora;s__Cercospora zeae-maydis
135779|Cercospora zeae-maydis	k__Fungi;p__Ascomycota;c__Dothideomycetes;o__Mycosphaerellales;f__Mycosphaerellaceae;g__Cercospora;s__Cercospora zeae-maydis
35725|Macrophomina phaseolina	k__Fungi;p__Ascomycota;c__Dothideomycetes;o__Botryosphaeriales;f__Botryosphaeriaceae;g__Macrophomina;s__Macrophomina phaseolina
35725|Macrophomina phaseolina	k__Fungi;p__Ascomycota;c__Dothideomycetes;o__Botryosphaeriales;f__Botryosphaeriaceae;g__Macrophomina;s__Macrophomina phaseolina
35725|Macrophomina phaseolina	k__Fungi;p__Ascomycota;c__Dothideomycetes;o__Botryosphaeriales;f__Botryosphaeriaceae;g__Macrophomina;s__Macrophomina phaseolina
259522|Didymella maydis (Phyllosticta maydis)	k__Fungi;p__Ascomycota;c__Dothideomycetes;o__Pleosporales;f__Didymellaceae;g__Didymella;s__Didymella maydis (Phyllosticta maydis)
259522|Didymella maydis (Phyllosticta maydis)	k__Fungi;p__Ascomycota;c__Dothideomycetes;o__Pleosporales;f__Didymellaceae;g__Didymella;s__Didymella maydis (Phyllosticta maydis)
259522|Didymella maydis (Phyllosticta maydis)	k__Fungi;p__Ascomycota;c__Dothideomycetes;o__Pleosporales;f__Didymellaceae;g__Didymella;s__Didymella maydis (Phyllosticta maydis)
5059|Aspergillus flavus	k__Fungi;p__Ascomycota;c__Eurotiomycetes;o__Eurotiales;f__Aspergillaceae;g__Aspergillus;s__Aspergillus flavus
5059|Aspergillus flavus	k__Fungi;p__Ascomycota;c__Eurotiomycetes;o__Eurotiales;f__Aspergillaceae;g__Aspergillus;s__Aspergillus flavus
5059|Aspergillus flavus	k__Fungi;p__Ascomycota;c__Eurotiomycetes;o__Eurotiales;f__Aspergillaceae;g__Aspergillus;s__Aspergillus flavus
5061|Aspergillus niger	k__Fungi;p__Ascomycota;c__Eurotiomycetes;o__Eurotiales;f__Aspergillaceae;g__Aspergillus;s__Aspergillus niger
5061|Aspergillus niger	k__Fungi;p__Ascomycota;c__Eurotiomycetes;o__Eurotiales;f__Aspergillaceae;g__Aspergillus;s__Aspergillus niger
5061|Aspergillus niger	k__Fungi;p__Ascomycota;c__Eurotiomycetes;o__Eurotiales;f__Aspergillaceae;g__Aspergillus;s__Aspergillus niger
69781|Penicillium oxalicum	k__Fungi;p__Ascomycota;c__Eurotiomycetes;o__Eurotiales;f__Aspergillaceae;g__Penicillium;s__Penicillium oxalicum
69781|Penicillium oxalicum	k__Fungi;p__Ascomycota;c__Eurotiomycetes;o__Eurotiales;f__Aspergillaceae;g__Penicillium;s__Penicillium oxalicum
69781|Penicillium oxalicum	k__Fungi;p__Ascomycota;c__Eurotiomycetes;o__Eurotiales;f__Aspergillaceae;g__Penicillium;s__Penicillium oxalicum
5270|Mycosarcoma maydis (Ustilago maydis)	k__Fungi;p__Basidiomycota;c__Ustilaginomycetes;o__Ustilaginales;f__Ustilaginaceae;g__Mycosarcoma;s__Mycosarcoma maydis (Ustilago maydis)
5270|Mycosarcoma maydis (Ustilago maydis)	k__Fungi;p__Basidiomycota;c__Ustilaginomycetes;o__Ustilaginales;f__Ustilaginaceae;g__Mycosarcoma;s__Mycosarcoma maydis (Ustilago maydis)
5270|Mycosarcoma maydis (Ustilago maydis)	k__Fungi;p__Basidiomycota;c__Ustilaginomycetes;o__Ustilaginales;f__Ustilaginaceae;g__Mycosarcoma;s__Mycosarcoma maydis (Ustilago maydis)
72558|Sporisorium reilianum (Sphacelotheca reiliana)	k__Fungi;p__Basidiomycota;c__Ustilaginomycetes;o__Ustilaginales;f__Ustilaginaceae;g__Sporisorium;s__Sporisorium reilianum (Sphacelotheca reiliana)
72558|Sporisorium reilianum (Sphacelotheca reiliana)	k__Fungi;p__Basidiomycota;c__Ustilaginomycetes;o__Ustilaginales;f__Ustilaginaceae;g__Sporisorium;s__Sporisorium reilianum (Sphacelotheca reiliana)
72558|Sporisorium reilianum (Sphacelotheca reiliana)	k__Fungi;p__Basidiomycota;c__Ustilaginomycetes;o__Ustilaginales;f__Ustilaginaceae;g__Sporisorium;s__Sporisorium reilianum (Sphacelotheca reiliana)
27349|Puccinia sorghi	k__Fungi;p__Basidiomycota;c__Pucciniomycetes;o__Pucciniales;f__Pucciniaceae;g__Puccinia;s__Puccinia sorghi
27349|Puccinia sorghi	k__Fungi;p__Basidiomycota;c__Pucciniomycetes;o__Pucciniales;f__Pucciniaceae;g__Puccinia;s__Puccinia sorghi
27349|Puccinia sorghi	k__Fungi;p__Basidiomycota;c__Pucciniomycetes;o__Pucciniales;f__Pucciniaceae;g__Puccinia;s__Puccinia sorghi
684837|Puccinia polysora	k__Fungi;p__Basidiomycota;c__Pucciniomycetes;o__Pucciniales;f__Pucciniaceae;g__Puccinia;s__Puccinia polysora
684837|Puccinia polysora	k__Fungi;p__Basidiomycota;c__Pucciniomycetes;o__Pucciniales;f__Pucciniaceae;g__Puccinia;s__Puccinia polysora
684837|Puccinia polysora	k__Fungi;p__Basidiomycota;c__Pucciniomycetes;o__Pucciniales;f__Pucciniaceae;g__Puccinia;s__Puccinia polysora
456999|Rhizoctonia solani (Thanatephorus cucumeris)	k__Fungi;p__Basidiomycota;c__Agaricomycetes;o__Cantharellales;f__Ceratobasidiaceae;g__Rhizoctonia;s__Rhizoctonia solani (Thanatephorus cucumeris)
456999|Rhizoctonia solani (Thanatephorus cucumeris)	k__Fungi;p__Basidiomycota;c__Agaricomycetes;o__Cantharellales;f__Ceratobasidiaceae;g__Rhizoctonia;s__Rhizoctonia solani (Thanatephorus cucumeris)
456999|Rhizoctonia solani (Thanatephorus cucumeris)	k__Fungi;p__Basidiomycota;c__Agaricomycetes;o__Cantharellales;f__Ceratobasidiaceae;g__Rhizoctonia;s__Rhizoctonia solani (Thanatephorus cucumeris)
39291|Agroathelia rolfsii (Sclerotium rolfsii, Athelia rolfsii)	k__Fungi;p__Basidiomycota;c__Agaricomycetes;o__Amylocorticiales;f__Amylocorticiaceae;g__Agroathelia;s__Agroathelia rolfsii (Sclerotium rolfsii, Athelia rolfsii)
39291|Agroathelia rolfsii (Sclerotium rolfsii, Athelia rolfsii)	k__Fungi;p__Basidiomycota;c__Agaricomycetes;o__Amylocorticiales;f__Amylocorticiaceae;g__Agroathelia;s__Agroathelia rolfsii (Sclerotium rolfsii, Athelia rolfsii)
39291|Agroathelia rolfsii (Sclerotium rolfsii, Athelia rolfsii)	k__Fungi;p__Basidiomycota;c__Agaricomycetes;o__Amylocorticiales;f__Amylocorticiaceae;g__Agroathelia;s__Agroathelia rolfsii (Sclerotium rolfsii, Athelia rolfsii)
1592451|Kabatiella zeae (Aureobasidium zeae)	k__Fungi;p__Ascomycota;c__Dothideomycetes;o__Dothideales;f__Saccotheciaceae;g__Aureobasidium;s__Kabatiella zeae (Aureobasidium zeae)
1592451|Kabatiella zeae (Aureobasidium zeae)	k__Fungi;p__Ascomycota;c__Dothideomycetes;o__Dothideales;f__Saccotheciaceae;g__Aureobasidium;s__Kabatiella zeae (Aureobasidium zeae)
1592451|Kabatiella zeae (Aureobasidium zeae)	k__Fungi;p__Ascomycota;c__Dothideomycetes;o__Dothideales;f__Saccotheciaceae;g__Aureobasidium;s__Kabatiella zeae (Aureobasidium zeae)
276838|Physoderma maydis	k__Fungi;p__Blastocladiomycota;c__Physodermatomycetes;o__Physodermatales;f__Physodermataceae;g__Physoderma;s__Physoderma maydis
276838|Physoderma maydis	k__Fungi;p__Blastocladiomycota;c__Physodermatomycetes;o__Physodermatales;f__Physodermataceae;g__Physoderma;s__Physoderma maydis
29918|Cladosporium herbarum	k__Fungi;p__Ascomycota;c__Dothideomycetes;o__Cladosporiales;f__Cladosporiaceae;g__Cladosporium;s__Cladosporium herbarum
29918|Cladosporium herbarum	k__Fungi;p__Ascomycota;c__Dothideomycetes;o__Cladosporiales;f__Cladosporiaceae;g__Cladosporium;s__Cladosporium herbarum
29918|Cladosporium herbarum	k__Fungi;p__Ascomycota;c__Dothideomycetes;o__Cladosporiales;f__Cladosporiaceae;g__Cladosporium;s__Cladosporium herbarum
67620|Graphium penicillioides	k__Fungi;p__Ascomycota;c__Sordariomycetes;o__Microascales;f__Graphiaceae;g__Graphium;s__Graphium penicillioides
67620|Graphium penicillioides	k__Fungi;p__Ascomycota;c__Sordariomycetes;o__Microascales;f__Graphiaceae;g__Graphium;s__Graphium penicillioides
67620|Graphium penicillioides	k__Fungi;p__Ascomycota;c__Sordariomycetes;o__Microascales;f__Graphiaceae;g__Graphium;s__Graphium penicillioides
1825666|Phyllachora maydis	k__Fungi;p__Ascomycota;c__Sordariomycetes;o__Phyllachorales;f__Phyllachoraceae;g__Phyllachora;s__Phyllachora maydis
1825666|Phyllachora maydis	k__Fungi;p__Ascomycota;c__Sordariomycetes;o__Phyllachorales;f__Phyllachoraceae;g__Phyllachora;s__Phyllachora maydis
1825666|Phyllachora maydis	k__Fungi;p__Ascomycota;c__Sordariomycetes;o__Phyllachorales;f__Phyllachoraceae;g__Phyllachora;s__Phyllachora maydis
65070|Pythium aphanidermatum	k__Chromista;p__Oomycota;c__Peronosporomycetes;o__Pythiales;f__Pythiaceae;g__Pythium;s__Pythium aphanidermatum
65070|Pythium aphanidermatum	k__Chromista;p__Oomycota;c__Peronosporomycetes;o__Pythiales;f__Pythiaceae;g__Pythium;s__Pythium aphanidermatum
65070|Pythium aphanidermatum	k__Chromista;p__Oomycota;c__Peronosporomycetes;o__Pythiales;f__Pythiaceae;g__Pythium;s__Pythium aphanidermatum
82937|Pythium graminicola	k__Chromista;p__Oomycota;c__Peronosporomycetes;o__Pythiales;f__Pythiaceae;g__Pythium;s__Pythium graminicola
82937|Pythium graminicola	k__Chromista;p__Oomycota;c__Peronosporomycetes;o__Pythiales;f__Pythiaceae;g__Pythium;s__Pythium graminicola
82937|Pythium graminicola	k__Chromista;p__Oomycota;c__Peronosporomycetes;o__Pythiales;f__Pythiaceae;g__Pythium;s__Pythium graminicola
82932|Pythium arrhenomanes	k__Chromista;p__Oomycota;c__Peronosporomycetes;o__Pythiales;f__Pythiaceae;g__Pythium;s__Pythium arrhenomanes
82932|Pythium arrhenomanes	k__Chromista;p__Oomycota;c__Peronosporomycetes;o__Pythiales;f__Pythiaceae;g__Pythium;s__Pythium arrhenomanes
82932|Pythium arrhenomanes	k__Chromista;p__Oomycota;c__Peronosporomycetes;o__Pythiales;f__Pythiaceae;g__Pythium;s__Pythium arrhenomanes
61235|Fusarium equiseti	k__Fungi;p__Ascomycota;c__Sordariomycetes;o__Hypocreales;f__Nectriaceae;g__Fusarium;s__Fusarium equiseti
61235|Fusarium equiseti	k__Fungi;p__Ascomycota;c__Sordariomycetes;o__Hypocreales;f__Nectriaceae;g__Fusarium;s__Fusarium equiseti
61235|Fusarium equiseti	k__Fungi;p__Ascomycota;c__Sordariomycetes;o__Hypocreales;f__Nectriaceae;g__Fusarium;s__Fusarium equiseti
5514|Fusarium sporotrichioides	k__Fungi;p__Ascomycota;c__Sordariomycetes;o__Hypocreales;f__Nectriaceae;g__Fusarium;s__Fusarium sporotrichioides
5514|Fusarium sporotrichioides	k__Fungi;p__Ascomycota;c__Sordariomycetes;o__Hypocreales;f__Nectriaceae;g__Fusarium;s__Fusarium sporotrichioides
5514|Fusarium sporotrichioides	k__Fungi;p__Ascomycota;c__Sordariomycetes;o__Hypocreales;f__Nectriaceae;g__Fusarium;s__Fusarium sporotrichioides
36050|Fusarium poae	k__Fungi;p__Ascomycota;c__Sordariomycetes;o__Hypocreales;f__Nectriaceae;g__Fusarium;s__Fusarium poae
36050|Fusarium poae	k__Fungi;p__Ascomycota;c__Sordariomycetes;o__Hypocreales;f__Nectriaceae;g__Fusarium;s__Fusarium poae
36050|Fusarium poae	k__Fungi;p__Ascomycota;c__Sordariomycetes;o__Hypocreales;f__Nectriaceae;g__Fusarium;s__Fusarium poae
5516|Fusarium culmorum	k__Fungi;p__Ascomycota;c__Sordariomycetes;o__Hypocreales;f__Nectriaceae;g__Fusarium;s__Fusarium culmorum
5516|Fusarium culmorum	k__Fungi;p__Ascomycota;c__Sordariomycetes;o__Hypocreales;f__Nectriaceae;g__Fusarium;s__Fusarium culmorum
5516|Fusarium culmorum	k__Fungi;p__Ascomycota;c__Sordariomycetes;o__Hypocreales;f__Nectriaceae;g__Fusarium;s__Fusarium culmorum
40199|Fusarium avenaceum	k__Fungi;p__Ascomycota;c__Sordariomycetes;o__Hypocreales;f__Nectriaceae;g__Fusarium;s__Fusarium avenaceum
40199|Fusarium avenaceum	k__Fungi;p__Ascomycota;c__Sordariomycetes;o__Hypocreales;f__Nectriaceae;g__Fusarium;s__Fusarium avenaceum
40199|Fusarium avenaceum	k__Fungi;p__Ascomycota;c__Sordariomycetes;o__Hypocreales;f__Nectriaceae;g__Fusarium;s__Fusarium avenaceum
5515|Fusarium acuminatum	k__Fungi;p__Ascomycota;c__Sordariomycetes;o__Hypocreales;f__Nectriaceae;g__Fusarium;s__Fusarium acuminatum
5515|Fusarium acuminatum	k__Fungi;p__Ascomycota;c__Sordariomycetes;o__Hypocreales;f__Nectriaceae;g__Fusarium;s__Fusarium acuminatum
5515|Fusarium acuminatum	k__Fungi;p__Ascomycota;c__Sordariomycetes;o__Hypocreales;f__Nectriaceae;g__Fusarium;s__Fusarium acuminatum
5503|Curvularia lunata (Cochliobolus lunatus)	k__Fungi;p__Ascomycota;c__Dothideomycetes;o__Pleosporales;f__Pleosporaceae;g__Curvularia;s__Curvularia lunata (Cochliobolus lunatus)
5503|Curvularia lunata (Cochliobolus lunatus)	k__Fungi;p__Ascomycota;c__Dothideomycetes;o__Pleosporales;f__Pleosporaceae;g__Curvularia;s__Curvularia lunata (Cochliobolus lunatus)
5503|Curvularia lunata (Cochliobolus lunatus)	k__Fungi;p__Ascomycota;c__Dothideomycetes;o__Pleosporales;f__Pleosporaceae;g__Curvularia;s__Curvularia lunata (Cochliobolus lunatus)
45130|Bipolaris sorokiniana (Cochliobolus sativus)	k__Fungi;p__Ascomycota;c__Dothideomycetes;o__Pleosporales;f__Pleosporaceae;g__Bipolaris;s__Bipolaris sorokiniana (Cochliobolus sativus)
45130|Bipolaris sorokiniana (Cochliobolus sativus)	k__Fungi;p__Ascomycota;c__Dothideomycetes;o__Pleosporales;f__Pleosporaceae;g__Bipolaris;s__Bipolaris sorokiniana (Cochliobolus sativus)
45130|Bipolaris sorokiniana (Cochliobolus sativus)	k__Fungi;p__Ascomycota;c__Dothideomycetes;o__Pleosporales;f__Pleosporaceae;g__Bipolaris;s__Bipolaris sorokiniana (Cochliobolus sativus)
1659837|Exserohilum rostratum (Setosphaeria rostrata)	k__Fungi;p__Ascomycota;c__Dothideomycetes;o__Pleosporales;f__Pleosporaceae;g__Exserohilum;s__Exserohilum rostratum (Setosphaeria rostrata)
1659837|Exserohilum rostratum (Setosphaeria rostrata)	k__Fungi;p__Ascomycota;c__Dothideomycetes;o__Pleosporales;f__Pleosporaceae;g__Exserohilum;s__Exserohilum rostratum (Setosphaeria rostrata)
1659837|Exserohilum rostratum (Setosphaeria rostrata)	k__Fungi;p__Ascomycota;c__Dothideomycetes;o__Pleosporales;f__Pleosporaceae;g__Exserohilum;s__Exserohilum rostratum (Setosphaeria rostrata)
5599|Alternaria alternata	k__Fungi;p__Ascomycota;c__Dothideomycetes;o__Pleosporales;f__Pleosporaceae;g__Alternaria;s__Alternaria alternata
5599|Alternaria alternata	k__Fungi;p__Ascomycota;c__Dothideomycetes;o__Pleosporales;f__Pleosporaceae;g__Alternaria;s__Alternaria alternata
5599|Alternaria alternata	k__Fungi;p__Ascomycota;c__Dothideomycetes;o__Pleosporales;f__Pleosporaceae;g__Alternaria;s__Alternaria alternata
47278|Trichoderma roseum /Trichothecium roseum	k__Fungi;p__Ascomycota;c__Sordariomycetes;o__Hypocreales;f__（尚未明确科级归属）;g__Trichothecium;s__Trichoderma roseum /Trichothecium roseum
47278|Trichoderma roseum /Trichothecium roseum	k__Fungi;p__Ascomycota;c__Sordariomycetes;o__Hypocreales;f__（尚未明确科级归属）;g__Trichothecium;s__Trichoderma roseum /Trichothecium roseum
47278|Trichoderma roseum /Trichothecium roseum	k__Fungi;p__Ascomycota;c__Sordariomycetes;o__Hypocreales;f__（尚未明确科级归属）;g__Trichothecium;s__Trichoderma roseum /Trichothecium roseum
4846|Rhizopus stolonifer	k__Fungi;p__Mucoromycota;c__Mucoromycetes;o__Mucorales;f__Rhizopodaceae;g__Rhizopus;s__Rhizopus stolonifer
4846|Rhizopus stolonifer	k__Fungi;p__Mucoromycota;c__Mucoromycetes;o__Mucorales;f__Rhizopodaceae;g__Rhizopus;s__Rhizopus stolonifer
4846|Rhizopus stolonifer	k__Fungi;p__Mucoromycota;c__Mucoromycetes;o__Mucorales;f__Rhizopodaceae;g__Rhizopus;s__Rhizopus stolonifer
105696|Epicoccum nigrum	k__Fungi;p__Ascomycota;c__Dothideomycetes;o__Pleosporales;f__Didymellaceae;g__Epicoccum;s__Epicoccum nigrum
105696|Epicoccum nigrum	k__Fungi;p__Ascomycota;c__Dothideomycetes;o__Pleosporales;f__Didymellaceae;g__Epicoccum;s__Epicoccum nigrum
105696|Epicoccum nigrum	k__Fungi;p__Ascomycota;c__Dothideomycetes;o__Pleosporales;f__Didymellaceae;g__Epicoccum;s__Epicoccum nigrum
1036732|Sarocladium zeae/Acremonium zeae	k__Fungi;p__Ascomycota;c__Sordariomycetes;o__Hypocreales;f__Sarocladiaceae;g__Sarocladium;s__Sarocladium zeae/Acremonium zeae
1036732|Sarocladium zeae/Acremonium zeae	k__Fungi;p__Ascomycota;c__Sordariomycetes;o__Hypocreales;f__Sarocladiaceae;g__Sarocladium;s__Sarocladium zeae/Acremonium zeae
1036732|Sarocladium zeae/Acremonium zeae	k__Fungi;p__Ascomycota;c__Sordariomycetes;o__Hypocreales;f__Sarocladiaceae;g__Sarocladium;s__Sarocladium zeae/Acremonium zeae
418126|Cochliobolus geniculatus (Curvularia geniculata)	k__Fungi;p__Ascomycota;c__Dothideomycetes;o__Pleosporales;f__Pleosporaceae;g__Cochliobolus;s__Cochliobolus geniculatus (Curvularia geniculata)
418126|Cochliobolus geniculatus (Curvularia geniculata)	k__Fungi;p__Ascomycota;c__Dothideomycetes;o__Pleosporales;f__Pleosporaceae;g__Cochliobolus;s__Cochliobolus geniculatus (Curvularia geniculata)
418126|Cochliobolus geniculatus (Curvularia geniculata)	k__Fungi;p__Ascomycota;c__Dothideomycetes;o__Pleosporales;f__Pleosporaceae;g__Cochliobolus;s__Cochliobolus geniculatus (Curvularia geniculata)
36080|Mucor circinelloides	k__Fungi;p__Mucoromycota;c__Mucoromycetes;o__Mucorales;f__Mucoraceae;g__Mucor;s__Mucor circinelloides
36080|Mucor circinelloides	k__Fungi;p__Mucoromycota;c__Mucoromycetes;o__Mucorales;f__Mucoraceae;g__Mucor;s__Mucor circinelloides
36080|Mucor circinelloides	k__Fungi;p__Mucoromycota;c__Mucoromycetes;o__Mucorales;f__Mucoraceae;g__Mucor;s__Mucor circinelloides
298378|Fusarium incarnatum (F. semitectum)	k__Fungi;p__Ascomycota;c__Sordariomycetes;o__Hypocreales;f__Nectriaceae;g__Fusarium;s__Fusarium incarnatum (F. semitectum)
298378|Fusarium incarnatum (F. semitectum)	k__Fungi;p__Ascomycota;c__Sordariomycetes;o__Hypocreales;f__Nectriaceae;g__Fusarium;s__Fusarium incarnatum (F. semitectum)
298378|Fusarium incarnatum (F. semitectum)	k__Fungi;p__Ascomycota;c__Sordariomycetes;o__Hypocreales;f__Nectriaceae;g__Fusarium;s__Fusarium incarnatum (F. semitectum)
169388|Fusarium solani (Neocosmospora solani)	k__Fungi;p__Ascomycota;c__Sordariomycetes;o__Hypocreales;f__Nectriaceae;g__Fusarium;s__Fusarium solani (Neocosmospora solani)
169388|Fusarium solani (Neocosmospora solani)	k__Fungi;p__Ascomycota;c__Sordariomycetes;o__Hypocreales;f__Nectriaceae;g__Fusarium;s__Fusarium solani (Neocosmospora solani)
169388|Fusarium solani (Neocosmospora solani)	k__Fungi;p__Ascomycota;c__Sordariomycetes;o__Hypocreales;f__Nectriaceae;g__Fusarium;s__Fusarium solani (Neocosmospora solani)
520446|Fusarium andiyazi	k__Fungi;p__Ascomycota;c__Sordariomycetes;o__Hypocreales;f__Nectriaceae;g__Fusarium;s__Fusarium andiyazi
520446|Fusarium andiyazi	k__Fungi;p__Ascomycota;c__Sordariomycetes;o__Hypocreales;f__Nectriaceae;g__Fusarium;s__Fusarium andiyazi
520446|Fusarium andiyazi	k__Fungi;p__Ascomycota;c__Sordariomycetes;o__Hypocreales;f__Nectriaceae;g__Fusarium;s__Fusarium andiyazi
282267|Fusarium asiaticum	k__Fungi;p__Ascomycota;c__Sordariomycetes;o__Hypocreales;f__Nectriaceae;g__Fusarium;s__Fusarium asiaticum
282267|Fusarium asiaticum	k__Fungi;p__Ascomycota;c__Sordariomycetes;o__Hypocreales;f__Nectriaceae;g__Fusarium;s__Fusarium asiaticum
282267|Fusarium asiaticum	k__Fungi;p__Ascomycota;c__Sordariomycetes;o__Hypocreales;f__Nectriaceae;g__Fusarium;s__Fusarium asiaticum
101028|Fusarium pseudograminearum	k__Fungi;p__Ascomycota;c__Sordariomycetes;o__Hypocreales;f__Nectriaceae;g__Fusarium;s__Fusarium pseudograminearum
101028|Fusarium pseudograminearum	k__Fungi;p__Ascomycota;c__Sordariomycetes;o__Hypocreales;f__Nectriaceae;g__Fusarium;s__Fusarium pseudograminearum
101028|Fusarium pseudograminearum	k__Fungi;p__Ascomycota;c__Sordariomycetes;o__Hypocreales;f__Nectriaceae;g__Fusarium;s__Fusarium pseudograminearum
282269|Fusarium meridionale	k__Fungi;p__Ascomycota;c__Sordariomycetes;o__Hypocreales;f__Nectriaceae;g__Fusarium;s__Fusarium meridionale
282269|Fusarium meridionale	k__Fungi;p__Ascomycota;c__Sordariomycetes;o__Hypocreales;f__Nectriaceae;g__Fusarium;s__Fusarium meridionale
282269|Fusarium meridionale	k__Fungi;p__Ascomycota;c__Sordariomycetes;o__Hypocreales;f__Nectriaceae;g__Fusarium;s__Fusarium meridionale
749593|Phoma sorghina (Epicoccum sorghinum)	k__Fungi;p__Ascomycota;c__Dothideomycetes;o__Pleosporales;f__Didymellaceae;g__Phoma;s__Phoma sorghina (Epicoccum sorghinum)
749593|Phoma sorghina (Epicoccum sorghinum)	k__Fungi;p__Ascomycota;c__Dothideomycetes;o__Pleosporales;f__Didymellaceae;g__Phoma;s__Phoma sorghina (Epicoccum sorghinum)
749593|Phoma sorghina (Epicoccum sorghinum)	k__Fungi;p__Ascomycota;c__Dothideomycetes;o__Pleosporales;f__Didymellaceae;g__Phoma;s__Phoma sorghina (Epicoccum sorghinum)
36923|Diaporthe phaseolorum (Phomopsis)	k__Fungi;p__Ascomycota;c__Sordariomycetes;o__Diaporthales;f__Diaporthaceae;g__Diaporthe;s__Diaporthe phaseolorum (Phomopsis)
36923|Diaporthe phaseolorum (Phomopsis)	k__Fungi;p__Ascomycota;c__Sordariomycetes;o__Diaporthales;f__Diaporthaceae;g__Diaporthe;s__Diaporthe phaseolorum (Phomopsis)
36923|Diaporthe phaseolorum (Phomopsis)	k__Fungi;p__Ascomycota;c__Sordariomycetes;o__Diaporthales;f__Diaporthaceae;g__Diaporthe;s__Diaporthe phaseolorum (Phomopsis)
40559|Botrytis cinerea	k__Fungi;p__Ascomycota;c__Leotiomycetes;o__Helotiales;f__Sclerotiniaceae;g__Botrytis;s__Botrytis cinerea
40559|Botrytis cinerea	k__Fungi;p__Ascomycota;c__Leotiomycetes;o__Helotiales;f__Sclerotiniaceae;g__Botrytis;s__Botrytis cinerea
40559|Botrytis cinerea	k__Fungi;p__Ascomycota;c__Leotiomycetes;o__Helotiales;f__Sclerotiniaceae;g__Botrytis;s__Botrytis cinerea
2052682|Pythium ultimum	k__Chromista;p__Oomycota;c__Peronosporomycetes;o__Pythiales;f__Pythiaceae;g__Pythium;s__Pythium ultimum
2052682|Pythium ultimum	k__Chromista;p__Oomycota;c__Peronosporomycetes;o__Pythiales;f__Pythiaceae;g__Pythium;s__Pythium ultimum
2052682|Pythium ultimum	k__Chromista;p__Oomycota;c__Peronosporomycetes;o__Pythiales;f__Pythiaceae;g__Pythium;s__Pythium ultimum
65069|Pythium acanthicum	k__Chromista;p__Oomycota;c__Peronosporomycetes;o__Pythiales;f__Pythiaceae;g__Pythium;s__Pythium acanthicum
65069|Pythium acanthicum	k__Chromista;p__Oomycota;c__Peronosporomycetes;o__Pythiales;f__Pythiaceae;g__Pythium;s__Pythium acanthicum
65069|Pythium acanthicum	k__Chromista;p__Oomycota;c__Peronosporomycetes;o__Pythiales;f__Pythiaceae;g__Pythium;s__Pythium acanthicum
289596|Pythium adhaerens	k__Chromista;p__Oomycota;c__Peronosporomycetes;o__Pythiales;f__Pythiaceae;g__Pythium;s__Pythium adhaerens
289596|Pythium adhaerens	k__Chromista;p__Oomycota;c__Peronosporomycetes;o__Pythiales;f__Pythiaceae;g__Pythium;s__Pythium adhaerens
289596|Pythium adhaerens	k__Chromista;p__Oomycota;c__Peronosporomycetes;o__Pythiales;f__Pythiaceae;g__Pythium;s__Pythium adhaerens
36331|Globisporangium irregulare _Pythium irregulare_	k__Chromista;p__Oomycota;c__Peronosporomycetes;o__Pythiales;f__Pythiaceae;g__Pythium）;s__Globisporangium irregulare （Pythium irregulare）
36331|Globisporangium irregulare _Pythium irregulare_	k__Chromista;p__Oomycota;c__Peronosporomycetes;o__Pythiales;f__Pythiaceae;g__Pythium）;s__Globisporangium irregulare （Pythium irregulare）
36331|Globisporangium irregulare _Pythium irregulare_	k__Chromista;p__Oomycota;c__Peronosporomycetes;o__Pythiales;f__Pythiaceae;g__Pythium）;s__Globisporangium irregulare （Pythium irregulare）
2711123|Globisporangium rostratum _Pythium rostratum _	k__Chromista;p__Oomycota;c__Peronosporomycetes;o__Pythiales;f__Pythiacea;g__Pythium）;s__Globisporangium rostratum （Pythium rostratum ）
2711123|Globisporangium rostratum _Pythium rostratum _	k__Chromista;p__Oomycota;c__Peronosporomycetes;o__Pythiales;f__Pythiacea;g__Pythium）;s__Globisporangium rostratum （Pythium rostratum ）
2711123|Globisporangium rostratum _Pythium rostratum _	k__Chromista;p__Oomycota;c__Peronosporomycetes;o__Pythiales;f__Pythiacea;g__Pythium）;s__Globisporangium rostratum （Pythium rostratum ）
5507|Fusarium oxysporum	k__Fungi;p__Ascomycota;c__Sordariomycetes;o__Hypocreales;f__Nectriaceae;g__Fusarium;s__Fusarium oxysporum
5507|Fusarium oxysporum	k__Fungi;p__Ascomycota;c__Sordariomycetes;o__Hypocreales;f__Nectriaceae;g__Fusarium;s__Fusarium oxysporum
5507|Fusarium oxysporum	k__Fungi;p__Ascomycota;c__Sordariomycetes;o__Hypocreales;f__Nectriaceae;g__Fusarium;s__Fusarium oxysporum
27334|Penicillium expansum	k__Fungi;p__Ascomycota;c__Eurotiomycetes;o__Eurotiales;f__Aspergillaceae;g__Penicillium;s__Penicillium expansum
27334|Penicillium expansum	k__Fungi;p__Ascomycota;c__Eurotiomycetes;o__Eurotiales;f__Aspergillaceae;g__Penicillium;s__Penicillium expansum
27334|Penicillium expansum	k__Fungi;p__Ascomycota;c__Eurotiomycetes;o__Eurotiales;f__Aspergillaceae;g__Penicillium;s__Penicillium expansum
82938|Pythium inflatum	k__Chromista;p__Oomycota;c__Peronosporomycetes;o__Pythiales;f__Pythiaceae;g__Pythium;s__Pythium inflatum
82938|Pythium inflatum	k__Chromista;p__Oomycota;c__Peronosporomycetes;o__Pythiales;f__Pythiaceae;g__Pythium;s__Pythium inflatum
82938|Pythium inflatum	k__Chromista;p__Oomycota;c__Peronosporomycetes;o__Pythiales;f__Pythiaceae;g__Pythium;s__Pythium inflatum
798162|Setophoma terrestris _Phoma terrestris/Pyrenochaeta terrestris _	k__Fungi;p__Ascomycota;c__Dothideomycetes;o__Pleosporales;f__Phaeosphaeriaceae;g__Setophoma;s__Setophoma terrestris （Phoma terrestris/Pyrenochaeta terrestris ）
798162|Setophoma terrestris _Phoma terrestris/Pyrenochaeta terrestris _	k__Fungi;p__Ascomycota;c__Dothideomycetes;o__Pleosporales;f__Phaeosphaeriaceae;g__Setophoma;s__Setophoma terrestris （Phoma terrestris/Pyrenochaeta terrestris ）
798162|Setophoma terrestris _Phoma terrestris/Pyrenochaeta terrestris _	k__Fungi;p__Ascomycota;c__Dothideomycetes;o__Pleosporales;f__Phaeosphaeriaceae;g__Setophoma;s__Setophoma terrestris （Phoma terrestris/Pyrenochaeta terrestris ）
64495|Rhizopus arrhizus	k__Fungi;p__毛霉门;c__毛霉纲;o__毛霉目;f__根霉科;g__根霉属;s__Rhizopus arrhizus
64495|Rhizopus arrhizus	k__Fungi;p__毛霉门;c__毛霉纲;o__毛霉目;f__根霉科;g__根霉属;s__Rhizopus arrhizus
64495|Rhizopus arrhizus	k__Fungi;p__毛霉门;c__毛霉纲;o__毛霉目;f__根霉科;g__根霉属;s__Rhizopus arrhizus
49569|Waitea zeae _Rhizoctonia zeae_	k__Fungi;p__Basidiomycota;c__Agaricomycetes;o__Corticiales;f__Corticiaceae;g__Waitea;s__Waitea zeae （Rhizoctonia zeae）
49569|Waitea zeae _Rhizoctonia zeae_	k__Fungi;p__Basidiomycota;c__Agaricomycetes;o__Corticiales;f__Corticiaceae;g__Waitea;s__Waitea zeae （Rhizoctonia zeae）
49569|Waitea zeae _Rhizoctonia zeae_	k__Fungi;p__Basidiomycota;c__Agaricomycetes;o__Corticiales;f__Corticiaceae;g__Waitea;s__Waitea zeae （Rhizoctonia zeae）
76351|Ceratobasidium cereale _Rhizoctonia cerealis_	k__Fungi;p__Basidiomycota;c__Agaricomycetes;o__Cantharellales;f__Ceratobasidiaceae;g__Ceratobasidium;s__Ceratobasidium cereale （Rhizoctonia cerealis）
76351|Ceratobasidium cereale _Rhizoctonia cerealis_	k__Fungi;p__Basidiomycota;c__Agaricomycetes;o__Cantharellales;f__Ceratobasidiaceae;g__Ceratobasidium;s__Ceratobasidium cereale （Rhizoctonia cerealis）
76351|Ceratobasidium cereale _Rhizoctonia cerealis_	k__Fungi;p__Basidiomycota;c__Agaricomycetes;o__Cantharellales;f__Ceratobasidiaceae;g__Ceratobasidium;s__Ceratobasidium cereale （Rhizoctonia cerealis）
886948|Peronosclerospora philippinensis	k__Chromista;p__卵菌门;c__霜霉纲;o__霉目;f__霜霉科;g__霜指霉属;s__Peronosclerospora philippinensis
348901|Cercospora zeina	k__Fungi;p__子囊菌门;c__座囊菌纲;o__球腔菌目;f__球腔菌科;g__尾孢属;s__Cercospora zeina
348901|Cercospora zeina	k__Fungi;p__子囊菌门;c__座囊菌纲;o__球腔菌目;f__球腔菌科;g__尾孢属;s__Cercospora zeina
348901|Cercospora zeina	k__Fungi;p__子囊菌门;c__座囊菌纲;o__球腔菌目;f__球腔菌科;g__尾孢属;s__Cercospora zeina
161743|Cercospora sorghi var. maydis	k__Fungi;p__子囊菌门;c__座囊菌纲;o__球腔菌目;f__球腔菌科;g__座枝孢属;s__Cercospora sorghi var. maydis
161743|Cercospora sorghi var. maydis	k__Fungi;p__子囊菌门;c__座囊菌纲;o__球腔菌目;f__球腔菌科;g__座枝孢属;s__Cercospora sorghi var. maydis
5547|Trichoderma viride	k__Fungi;p__子囊菌门;c__粪壳菌纲;o__肉座菌目;f__肉座菌科;g__木霉属;s__Trichoderma viride
5547|Trichoderma viride	k__Fungi;p__子囊菌门;c__粪壳菌纲;o__肉座菌目;f__肉座菌科;g__木霉属;s__Trichoderma viride
5547|Trichoderma viride	k__Fungi;p__子囊菌门;c__粪壳菌纲;o__肉座菌目;f__肉座菌科;g__木霉属;s__Trichoderma viride
5544|Trichoderma harzianum	k__Fungi;p__子囊菌门;c__粪壳菌纲;o__肉座菌目;f__肉座菌科;g__木霉属;s__Trichoderma harzianum
5544|Trichoderma harzianum	k__Fungi;p__子囊菌门;c__粪壳菌纲;o__肉座菌目;f__肉座菌科;g__木霉属;s__Trichoderma harzianum
5544|Trichoderma harzianum	k__Fungi;p__子囊菌门;c__粪壳菌纲;o__肉座菌目;f__肉座菌科;g__木霉属;s__Trichoderma harzianum
1567482|Trichoderma afroharzianum	k__Fungi;p__子囊菌门;c__粪壳菌纲;o__肉座菌目;f__肉座菌科;g__木霉属;s__Trichoderma afroharzianum
1567482|Trichoderma afroharzianum	k__Fungi;p__子囊菌门;c__粪壳菌纲;o__肉座菌目;f__肉座菌科;g__木霉属;s__Trichoderma afroharzianum
1567482|Trichoderma afroharzianum	k__Fungi;p__子囊菌门;c__粪壳菌纲;o__肉座菌目;f__肉座菌科;g__木霉属;s__Trichoderma afroharzianum
5076|Penicillium chrysogenum	k__Fungi;p__子囊菌门;c__散囊菌纲;o__散囊菌目;f__曲霉科;g__青霉属;s__Penicillium chrysogenum
5076|Penicillium chrysogenum	k__Fungi;p__子囊菌门;c__散囊菌纲;o__散囊菌目;f__曲霉科;g__青霉属;s__Penicillium chrysogenum
5076|Penicillium chrysogenum	k__Fungi;p__子囊菌门;c__散囊菌纲;o__散囊菌目;f__曲霉科;g__青霉属;s__Penicillium chrysogenum
29917|Cladosporium cladosporioides	k__Fungi;p__子囊菌门;c__座囊菌纲;o__枝孢菌目;f__枝孢菌科;g__枝孢属;s__Cladosporium cladosporioides
29917|Cladosporium cladosporioides	k__Fungi;p__子囊菌门;c__座囊菌纲;o__枝孢菌目;f__枝孢菌科;g__枝孢属;s__Cladosporium cladosporioides
29917|Cladosporium cladosporioides	k__Fungi;p__子囊菌门;c__座囊菌纲;o__枝孢菌目;f__枝孢菌科;g__枝孢属;s__Cladosporium cladosporioides
1608309|Eutiarosporella dactylidis	k__Fungi;p__子囊菌门;c__座囊菌纲;o__葡萄座腔菌目;f__葡萄座腔菌科;g__真小孢帽菌属;s__Eutiarosporella dactylidis
1608309|Eutiarosporella dactylidis	k__Fungi;p__子囊菌门;c__座囊菌纲;o__葡萄座腔菌目;f__葡萄座腔菌科;g__真小孢帽菌属;s__Eutiarosporella dactylidis
1608309|Eutiarosporella dactylidis	k__Fungi;p__子囊菌门;c__座囊菌纲;o__葡萄座腔菌目;f__葡萄座腔菌科;g__真小孢帽菌属;s__Eutiarosporella dactylidis
119927|Alternaria tenuissima	k__Fungi;p__子囊菌门;c__座囊菌纲;o__格孢菌目;f__格孢菌科;g__链格孢属;s__Alternaria tenuissima
119927|Alternaria tenuissima	k__Fungi;p__子囊菌门;c__座囊菌纲;o__格孢菌目;f__格孢菌科;g__链格孢属;s__Alternaria tenuissima
119927|Alternaria tenuissima	k__Fungi;p__子囊菌门;c__座囊菌纲;o__格孢菌目;f__格孢菌科;g__链格孢属;s__Alternaria tenuissima
1187904|Alternaria burnsii	k__Fungi;p__子囊菌门;c__座囊菌纲;o__格孢菌目;f__格孢菌科;g__链格孢属;s__Alternaria burnsii
1187904|Alternaria burnsii	k__Fungi;p__子囊菌门;c__座囊菌纲;o__格孢菌目;f__格孢菌科;g__链格孢属;s__Alternaria burnsii
1187904|Alternaria burnsii	k__Fungi;p__子囊菌门;c__座囊菌纲;o__格孢菌目;f__格孢菌科;g__链格孢属;s__Alternaria burnsii
29850|Gaeumannomyces graminis	k__Fungi;p__子囊菌门;c__粪壳菌纲;o__巨座壳目;f__巨座壳科;g__顶囊壳属;s__Gaeumannomyces graminis
29850|Gaeumannomyces graminis	k__Fungi;p__子囊菌门;c__粪壳菌纲;o__巨座壳目;f__巨座壳科;g__顶囊壳属;s__Gaeumannomyces graminis
29850|Gaeumannomyces graminis	k__Fungi;p__子囊菌门;c__粪壳菌纲;o__巨座壳目;f__巨座壳科;g__顶囊壳属;s__Gaeumannomyces graminis
231958|Pythium debaryanum /Globisporangium debaryanum	k__Chromista;p__卵菌门;c__Peronosporomycetes;o__Pythiales;f__Pythiaceae;g__Globisporangium;s__Pythium debaryanum /Globisporangium debaryanum
231958|Pythium debaryanum /Globisporangium debaryanum	k__Chromista;p__卵菌门;c__Peronosporomycetes;o__Pythiales;f__Pythiaceae;g__Globisporangium;s__Pythium debaryanum /Globisporangium debaryanum
231958|Pythium debaryanum /Globisporangium debaryanum	k__Chromista;p__卵菌门;c__Peronosporomycetes;o__Pythiales;f__Pythiaceae;g__Globisporangium;s__Pythium debaryanum /Globisporangium debaryanum
2125995|Pythium paroecandrum/ Globisporangium paroecandrum	k__Chromista;p__卵菌门;c__Peronosporomycetes;o__Pythiales;f__Pythiaceae;g__Globisporangium;s__Pythium paroecandrum/ Globisporangium paroecandrum
2125995|Pythium paroecandrum/ Globisporangium paroecandrum	k__Chromista;p__卵菌门;c__Peronosporomycetes;o__Pythiales;f__Pythiaceae;g__Globisporangium;s__Pythium paroecandrum/ Globisporangium paroecandrum
2125995|Pythium paroecandrum/ Globisporangium paroecandrum	k__Chromista;p__卵菌门;c__Peronosporomycetes;o__Pythiales;f__Pythiaceae;g__Globisporangium;s__Pythium paroecandrum/ Globisporangium paroecandrum
2125998|Pythium spinosum /Globisporangium spinosum	k__Chromista;p__卵菌门;c__Peronosporomycetes;o__Pythiales;f__Pythiaceae;g__Globisporangium;s__Pythium spinosum /Globisporangium spinosum
2125998|Pythium spinosum /Globisporangium spinosum	k__Chromista;p__卵菌门;c__Peronosporomycetes;o__Pythiales;f__Pythiaceae;g__Globisporangium;s__Pythium spinosum /Globisporangium spinosum
2125998|Pythium spinosum /Globisporangium spinosum	k__Chromista;p__卵菌门;c__Peronosporomycetes;o__Pythiales;f__Pythiaceae;g__Globisporangium;s__Pythium spinosum /Globisporangium spinosum
82926|Pythium splendens/Globisporangium splendens	k__Chromista;p__卵菌门;c__Peronosporomycetes;o__Pythiales;f__Pythiaceae;g__Globisporangium;s__Pythium splendens/Globisporangium splendens
82926|Pythium splendens/Globisporangium splendens	k__Chromista;p__卵菌门;c__Peronosporomycetes;o__Pythiales;f__Pythiaceae;g__Globisporangium;s__Pythium splendens/Globisporangium splendens
82926|Pythium splendens/Globisporangium splendens	k__Chromista;p__卵菌门;c__Peronosporomycetes;o__Pythiales;f__Pythiaceae;g__Globisporangium;s__Pythium splendens/Globisporangium splendens
1277646|Pythium schmitthenneri / Globisporangium schmitthenneri	k__Chromista;p__卵菌门;c__Peronosporomycetes;o__Pythiales;f__Pythiaceae;g__Globisporangium;s__Pythium schmitthenneri / Globisporangium schmitthenneri
1277646|Pythium schmitthenneri / Globisporangium schmitthenneri	k__Chromista;p__卵菌门;c__Peronosporomycetes;o__Pythiales;f__Pythiaceae;g__Globisporangium;s__Pythium schmitthenneri / Globisporangium schmitthenneri
1277646|Pythium schmitthenneri / Globisporangium schmitthenneri	k__Chromista;p__卵菌门;c__Peronosporomycetes;o__Pythiales;f__Pythiaceae;g__Globisporangium;s__Pythium schmitthenneri / Globisporangium schmitthenneri
119929|Helminthosporium pedicellatum/Exserohilum pedicellatum	k__Fungi;p__子囊菌门;c__座囊菌纲;o__格孢菌目;f__格孢菌科;g__Exserohilum;s__Helminthosporium pedicellatum/Exserohilum pedicellatum
119929|Helminthosporium pedicellatum/Exserohilum pedicellatum	k__Fungi;p__子囊菌门;c__座囊菌纲;o__格孢菌目;f__格孢菌科;g__Exserohilum;s__Helminthosporium pedicellatum/Exserohilum pedicellatum
119929|Helminthosporium pedicellatum/Exserohilum pedicellatum	k__Fungi;p__子囊菌门;c__座囊菌纲;o__格孢菌目;f__格孢菌科;g__Exserohilum;s__Helminthosporium pedicellatum/Exserohilum pedicellatum
61284|Fusarium tricinctum	k__Fungi;p__子囊菌门;c__Hypocreomycetidae;o__Hypocreales;f__Nectriaceae;g__Fusarium;s__Fusarium tricinctum
61284|Fusarium tricinctum	k__Fungi;p__子囊菌门;c__Hypocreomycetidae;o__Hypocreales;f__Nectriaceae;g__Fusarium;s__Fusarium tricinctum
61284|Fusarium tricinctum	k__Fungi;p__子囊菌门;c__Hypocreomycetidae;o__Hypocreales;f__Nectriaceae;g__Fusarium;s__Fusarium tricinctum
1577605|Phialophora radicicola / Gaeumannomyces radicicola	k__Fungi;p__子囊菌门;c__Hypocreomycetidae;o__Magnaporthales;f__巨座壳科;g__Gaeumannomyces;s__Phialophora radicicola / Gaeumannomyces radicicola
1577605|Phialophora radicicola / Gaeumannomyces radicicola	k__Fungi;p__子囊菌门;c__Hypocreomycetidae;o__Magnaporthales;f__巨座壳科;g__Gaeumannomyces;s__Phialophora radicicola / Gaeumannomyces radicicola
1577605|Phialophora radicicola / Gaeumannomyces radicicola	k__Fungi;p__子囊菌门;c__Hypocreomycetidae;o__Magnaporthales;f__巨座壳科;g__Gaeumannomyces;s__Phialophora radicicola / Gaeumannomyces radicicola
82950|Pythium sylvaticum / Globisporangium sylvaticum	k__Chromista;p__卵菌门;c__Peronosporomycetes;o__Pythiales;f__Pythiaceae;g__Globisporangium;s__Pythium sylvaticum / Globisporangium sylvaticum
82950|Pythium sylvaticum / Globisporangium sylvaticum	k__Chromista;p__卵菌门;c__Peronosporomycetes;o__Pythiales;f__Pythiaceae;g__Globisporangium;s__Pythium sylvaticum / Globisporangium sylvaticum
82950|Pythium sylvaticum / Globisporangium sylvaticum	k__Chromista;p__卵菌门;c__Peronosporomycetes;o__Pythiales;f__Pythiaceae;g__Globisporangium;s__Pythium sylvaticum / Globisporangium sylvaticum
196109|Microdochium bolleyi	k__Fungi;p__子囊菌门;c__Hypocreomycetidae;o__Xylariales;f__Microdochiaceae;g__Microdochium;s__Microdochium bolleyi
196109|Microdochium bolleyi	k__Fungi;p__子囊菌门;c__Hypocreomycetidae;o__Xylariales;f__Microdochiaceae;g__Microdochium;s__Microdochium bolleyi
196109|Microdochium bolleyi	k__Fungi;p__子囊菌门;c__Hypocreomycetidae;o__Xylariales;f__Microdochiaceae;g__Microdochium;s__Microdochium bolleyi
126844|Pythium helicoides / Phytopythium helicoides	k__Chromista;p__卵菌门;c__Peronosporomycetes;o__Pythiales;f__Pythiaceae;g__Phytopythium;s__Pythium helicoides / Phytopythium helicoides
126844|Pythium helicoides / Phytopythium helicoides	k__Chromista;p__卵菌门;c__Peronosporomycetes;o__Pythiales;f__Pythiaceae;g__Phytopythium;s__Pythium helicoides / Phytopythium helicoides
126844|Pythium helicoides / Phytopythium helicoides	k__Chromista;p__卵菌门;c__Peronosporomycetes;o__Pythiales;f__Pythiaceae;g__Phytopythium;s__Pythium helicoides / Phytopythium helicoides
289618|Pythium lutarium	k__Chromista;p__卵菌门;c__Peronosporomycetes;o__Pythiales;f__Pythiaceae;g__Pythium;s__Pythium lutarium
289618|Pythium lutarium	k__Chromista;p__卵菌门;c__Peronosporomycetes;o__Pythiales;f__Pythiaceae;g__Pythium;s__Pythium lutarium
289618|Pythium lutarium	k__Chromista;p__卵菌门;c__Peronosporomycetes;o__Pythiales;f__Pythiaceae;g__Pythium;s__Pythium lutarium
4799|Pythium torulosum	k__Chromista;p__卵菌门;c__Peronosporomycetes;o__Pythiales;f__Pythiaceae;g__Pythium;s__Pythium torulosum
4799|Pythium torulosum	k__Chromista;p__卵菌门;c__Peronosporomycetes;o__Pythiales;f__Pythiaceae;g__Pythium;s__Pythium torulosum
4799|Pythium torulosum	k__Chromista;p__卵菌门;c__Peronosporomycetes;o__Pythiales;f__Pythiaceae;g__Pythium;s__Pythium torulosum
49224|Trichoderma hamatum	k__Fungi;p__子囊菌门;c__Hypocreomycetidae;o__Hypocreales;f__肉座菌科;g__木霉属;s__Trichoderma hamatum
49224|Trichoderma hamatum	k__Fungi;p__子囊菌门;c__Hypocreomycetidae;o__Hypocreales;f__肉座菌科;g__木霉属;s__Trichoderma hamatum
49224|Trichoderma hamatum	k__Fungi;p__子囊菌门;c__Hypocreomycetidae;o__Hypocreales;f__肉座菌科;g__木霉属;s__Trichoderma hamatum
97093|Trichoderma koningii	k__Fungi;p__子囊菌门;c__Hypocreomycetidae;o__Hypocreales;f__肉座菌科;g__木霉属;s__Trichoderma koningii
97093|Trichoderma koningii	k__Fungi;p__子囊菌门;c__Hypocreomycetidae;o__Hypocreales;f__肉座菌科;g__木霉属;s__Trichoderma koningii
97093|Trichoderma koningii	k__Fungi;p__子囊菌门;c__Hypocreomycetidae;o__Hypocreales;f__肉座菌科;g__木霉属;s__Trichoderma koningii
1203437|Curvularia aeria / Curvularia lunata var. aeria	k__Fungi;p__子囊菌门;c__座囊菌纲;o__格孢菌目;f__格孢菌科;g__Curvularia;s__Curvularia aeria / Curvularia lunata var. aeria
1203437|Curvularia aeria / Curvularia lunata var. aeria	k__Fungi;p__子囊菌门;c__座囊菌纲;o__格孢菌目;f__格孢菌科;g__Curvularia;s__Curvularia aeria / Curvularia lunata var. aeria
1203437|Curvularia aeria / Curvularia lunata var. aeria	k__Fungi;p__子囊菌门;c__座囊菌纲;o__格孢菌目;f__格孢菌科;g__Curvularia;s__Curvularia aeria / Curvularia lunata var. aeria
91365|Curvularia australiensis	k__Fungi;p__子囊菌门;c__座囊菌纲;o__格孢菌目;f__格孢菌科;g__Curvularia;s__Curvularia australiensis
91365|Curvularia australiensis	k__Fungi;p__子囊菌门;c__座囊菌纲;o__格孢菌目;f__格孢菌科;g__Curvularia;s__Curvularia australiensis
91365|Curvularia australiensis	k__Fungi;p__子囊菌门;c__座囊菌纲;o__格孢菌目;f__格孢菌科;g__Curvularia;s__Curvularia australiensis
95742|Curvularia clavata	k__Fungi;p__子囊菌门;c__座囊菌纲;o__格孢菌目;f__格孢菌科;g__Curvularia;s__Curvularia clavata
95742|Curvularia clavata	k__Fungi;p__子囊菌门;c__座囊菌纲;o__格孢菌目;f__格孢菌科;g__Curvularia;s__Curvularia clavata
95742|Curvularia clavata	k__Fungi;p__子囊菌门;c__座囊菌纲;o__格孢菌目;f__格孢菌科;g__Curvularia;s__Curvularia clavata
418125|Curvularia eragrostidis	k__Fungi;p__子囊菌门;c__座囊菌纲;o__格孢菌目;f__格孢菌科;g__Curvularia;s__Curvularia eragrostidis
418125|Curvularia eragrostidis	k__Fungi;p__子囊菌门;c__座囊菌纲;o__格孢菌目;f__格孢菌科;g__Curvularia;s__Curvularia eragrostidis
418125|Curvularia eragrostidis	k__Fungi;p__子囊菌门;c__座囊菌纲;o__格孢菌目;f__格孢菌科;g__Curvularia;s__Curvularia eragrostidis
38902|Curvularia inaequalis / Helminthosporium inaequale	k__Fungi;p__子囊菌门;c__座囊菌纲;o__格孢菌目;f__格孢菌科;g__Curvularia;s__Curvularia inaequalis / Helminthosporium inaequale
38902|Curvularia inaequalis / Helminthosporium inaequale	k__Fungi;p__子囊菌门;c__座囊菌纲;o__格孢菌目;f__格孢菌科;g__Curvularia;s__Curvularia inaequalis / Helminthosporium inaequale
38902|Curvularia inaequalis / Helminthosporium inaequale	k__Fungi;p__子囊菌门;c__座囊菌纲;o__格孢菌目;f__格孢菌科;g__Curvularia;s__Curvularia inaequalis / Helminthosporium inaequale
95735|Curvularia intermedia / Cochliobolus intermedius	k__Fungi;p__子囊菌门;c__座囊菌纲;o__格孢菌目;f__格孢菌科;g__Curvularia;s__Curvularia intermedia / Cochliobolus intermedius
95735|Curvularia intermedia / Cochliobolus intermedius	k__Fungi;p__子囊菌门;c__座囊菌纲;o__格孢菌目;f__格孢菌科;g__Curvularia;s__Curvularia intermedia / Cochliobolus intermedius
95735|Curvularia intermedia / Cochliobolus intermedius	k__Fungi;p__子囊菌门;c__座囊菌纲;o__格孢菌目;f__格孢菌科;g__Curvularia;s__Curvularia intermedia / Cochliobolus intermedius
318706|Curvularia pallescens	k__Fungi;p__子囊菌门;c__座囊菌纲;o__格孢菌目;f__格孢菌科;g__Curvularia;s__Curvularia pallescens
318706|Curvularia pallescens	k__Fungi;p__子囊菌门;c__座囊菌纲;o__格孢菌目;f__格孢菌科;g__Curvularia;s__Curvularia pallescens
318706|Curvularia pallescens	k__Fungi;p__子囊菌门;c__座囊菌纲;o__格孢菌目;f__格孢菌科;g__Curvularia;s__Curvularia pallescens
215132|Curvularia senegalensis / Brachysporium senegalense	k__Fungi;p__子囊菌门;c__座囊菌纲;o__格孢菌目;f__格孢菌科;g__Curvularia;s__Curvularia senegalensis / Brachysporium senegalense
215132|Curvularia senegalensis / Brachysporium senegalense	k__Fungi;p__子囊菌门;c__座囊菌纲;o__格孢菌目;f__格孢菌科;g__Curvularia;s__Curvularia senegalensis / Brachysporium senegalense
215132|Curvularia senegalensis / Brachysporium senegalense	k__Fungi;p__子囊菌门;c__座囊菌纲;o__格孢菌目;f__格孢菌科;g__Curvularia;s__Curvularia senegalensis / Brachysporium senegalense
1056642|Curvularia tuberculata  / Cochliobolus tuberculatus	k__Fungi;p__子囊菌门;c__座囊菌纲;o__格孢菌目;f__格孢菌科;g__Curvularia;s__Curvularia tuberculata / Cochliobolus tuberculatus
1056642|Curvularia tuberculata  / Cochliobolus tuberculatus	k__Fungi;p__子囊菌门;c__座囊菌纲;o__格孢菌目;f__格孢菌科;g__Curvularia;s__Curvularia tuberculata / Cochliobolus tuberculatus
1056642|Curvularia tuberculata  / Cochliobolus tuberculatus	k__Fungi;p__子囊菌门;c__座囊菌纲;o__格孢菌目;f__格孢菌科;g__Curvularia;s__Curvularia tuberculata / Cochliobolus tuberculatus
145392|Helminthosporium tetramera / Curvularia spicifera/Bipolaris spicifera	k__Fungi;p__子囊菌门;c__座囊菌纲;o__格孢菌目;f__格孢菌科;g__Curvularia;s__Helminthosporium tetramera / Curvularia spicifera/Bipolaris spicifera
145392|Helminthosporium tetramera / Curvularia spicifera/Bipolaris spicifera	k__Fungi;p__子囊菌门;c__座囊菌纲;o__格孢菌目;f__格孢菌科;g__Curvularia;s__Helminthosporium tetramera / Curvularia spicifera/Bipolaris spicifera
145392|Helminthosporium tetramera / Curvularia spicifera/Bipolaris spicifera	k__Fungi;p__子囊菌门;c__座囊菌纲;o__格孢菌目;f__格孢菌科;g__Curvularia;s__Helminthosporium tetramera / Curvularia spicifera/Bipolaris spicifera
39953|Exserohilum prolatum / Setosphaeria prolata	k__Fungi;p__子囊菌门;c__座囊菌纲;o__格孢菌目;f__格孢菌科;g__Exserohilum;s__Exserohilum prolatum / Setosphaeria prolata
39953|Exserohilum prolatum / Setosphaeria prolata	k__Fungi;p__子囊菌门;c__座囊菌纲;o__格孢菌目;f__格孢菌科;g__Exserohilum;s__Exserohilum prolatum / Setosphaeria prolata
39953|Exserohilum prolatum / Setosphaeria prolata	k__Fungi;p__子囊菌门;c__座囊菌纲;o__格孢菌目;f__格孢菌科;g__Exserohilum;s__Exserohilum prolatum / Setosphaeria prolata
318710|Leptosphaerulina australis	k__Fungi;p__子囊菌门;c__座囊菌纲;o__格孢菌目;f__Didymellaceae;g__Leptosphaerulina;s__Leptosphaerulina australis
318710|Leptosphaerulina australis	k__Fungi;p__子囊菌门;c__座囊菌纲;o__格孢菌目;f__Didymellaceae;g__Leptosphaerulina;s__Leptosphaerulina australis
318710|Leptosphaerulina australis	k__Fungi;p__子囊菌门;c__座囊菌纲;o__格孢菌目;f__Didymellaceae;g__Leptosphaerulina;s__Leptosphaerulina australis
1682391|Gloeocercospora sorghi / Microdochium sorghi	k__Fungi;p__子囊菌门;c__Sordariomycetes;o__Xylariales;f__Microdochiaceae;g__Microdochium;s__Gloeocercospora sorghi / Microdochium sorghi
1682391|Gloeocercospora sorghi / Microdochium sorghi	k__Fungi;p__子囊菌门;c__Sordariomycetes;o__Xylariales;f__Microdochiaceae;g__Microdochium;s__Gloeocercospora sorghi / Microdochium sorghi
1682391|Gloeocercospora sorghi / Microdochium sorghi	k__Fungi;p__子囊菌门;c__Sordariomycetes;o__Xylariales;f__Microdochiaceae;g__Microdochium;s__Gloeocercospora sorghi / Microdochium sorghi
467161|Peronosclerospora sacchari	k__Chromista;p__Oomycota;c__Peronosporomycetes;o__Peronosporales;f__Peronosporaceae;g__Peronosclerospora;s__Peronosclerospora sacchari
41413|Aspergillus glaucus	k__Fungi;p__子囊菌门;c__Eurotiomycetes;o__Eurotiales;f__Aspergillaceae;g__Aspergillus;s__Aspergillus glaucus
41413|Aspergillus glaucus	k__Fungi;p__子囊菌门;c__Eurotiomycetes;o__Eurotiales;f__Aspergillaceae;g__Aspergillus;s__Aspergillus glaucus
41413|Aspergillus glaucus	k__Fungi;p__子囊菌门;c__Eurotiomycetes;o__Eurotiales;f__Aspergillaceae;g__Aspergillus;s__Aspergillus glaucus
5067|Aspergillus parasiticus	k__Fungi;p__子囊菌门;c__Eurotiomycetes;o__Eurotiales;f__Aspergillaceae;g__Aspergillus;s__Aspergillus parasiticus
5067|Aspergillus parasiticus	k__Fungi;p__子囊菌门;c__Eurotiomycetes;o__Eurotiales;f__Aspergillaceae;g__Aspergillus;s__Aspergillus parasiticus
5067|Aspergillus parasiticus	k__Fungi;p__子囊菌门;c__Eurotiomycetes;o__Eurotiales;f__Aspergillaceae;g__Aspergillus;s__Aspergillus parasiticus
45133|Lasiodiplodia theobromae / Botryodiplodia tubericola	k__Fungi;p__Ascomycota;c__Dothideomycetes;o__Botryosphaeriales;f__Botryosphaeriaceae;g__Lasiodiplodia;s__Lasiodiplodia theobromae / Botryodiplodia tubericola
45133|Lasiodiplodia theobromae / Botryodiplodia tubericola	k__Fungi;p__Ascomycota;c__Dothideomycetes;o__Botryosphaeriales;f__Botryosphaeriaceae;g__Lasiodiplodia;s__Lasiodiplodia theobromae / Botryodiplodia tubericola
45133|Lasiodiplodia theobromae / Botryodiplodia tubericola	k__Fungi;p__Ascomycota;c__Dothideomycetes;o__Botryosphaeriales;f__Botryosphaeriaceae;g__Lasiodiplodia;s__Lasiodiplodia theobromae / Botryodiplodia tubericola
1159556|Ustilaginoidea virens	k__Fungi;p__Ascomycota;c__Sordariomycetes;o__Hypocreales;f__Clavicipitaceae;g__Ustilaginoidea;s__Ustilaginoidea virens
1159556|Ustilaginoidea virens	k__Fungi;p__Ascomycota;c__Sordariomycetes;o__Hypocreales;f__Clavicipitaceae;g__Ustilaginoidea;s__Ustilaginoidea virens
1159556|Ustilaginoidea virens	k__Fungi;p__Ascomycota;c__Sordariomycetes;o__Hypocreales;f__Clavicipitaceae;g__Ustilaginoidea;s__Ustilaginoidea virens
57143|Fusarium camptoceras	k__Fungi;p__Ascomycota;c__Sordariomycetes;o__Hypocreales;f__Nectriaceae;g__Fusarium;s__Fusarium camptoceras
57143|Fusarium camptoceras	k__Fungi;p__Ascomycota;c__Sordariomycetes;o__Hypocreales;f__Nectriaceae;g__Fusarium;s__Fusarium camptoceras
57143|Fusarium camptoceras	k__Fungi;p__Ascomycota;c__Sordariomycetes;o__Hypocreales;f__Nectriaceae;g__Fusarium;s__Fusarium camptoceras
86545|Fusarium chlamydosporum	k__Fungi;p__Ascomycota;c__Sordariomycetes;o__Hypocreales;f__Nectriaceae;g__Fusarium;s__Fusarium chlamydosporum
86545|Fusarium chlamydosporum	k__Fungi;p__Ascomycota;c__Sordariomycetes;o__Hypocreales;f__Nectriaceae;g__Fusarium;s__Fusarium chlamydosporum
86545|Fusarium chlamydosporum	k__Fungi;p__Ascomycota;c__Sordariomycetes;o__Hypocreales;f__Nectriaceae;g__Fusarium;s__Fusarium chlamydosporum
48491|Fusarium concentricum	k__Fungi;p__Ascomycota;c__Sordariomycetes;o__Hypocreales;f__Nectriaceae;g__Fusarium;s__Fusarium concentricum
48491|Fusarium concentricum	k__Fungi;p__Ascomycota;c__Sordariomycetes;o__Hypocreales;f__Nectriaceae;g__Fusarium;s__Fusarium concentricum
48491|Fusarium concentricum	k__Fungi;p__Ascomycota;c__Sordariomycetes;o__Hypocreales;f__Nectriaceae;g__Fusarium;s__Fusarium concentricum
56665|Fusarium kyushuense	k__Fungi;p__Ascomycota;c__Sordariomycetes;o__Hypocreales;f__Nectriaceae;g__Fusarium;s__Fusarium kyushuense
56665|Fusarium kyushuense	k__Fungi;p__Ascomycota;c__Sordariomycetes;o__Hypocreales;f__Nectriaceae;g__Fusarium;s__Fusarium kyushuense
56665|Fusarium kyushuense	k__Fungi;p__Ascomycota;c__Sordariomycetes;o__Hypocreales;f__Nectriaceae;g__Fusarium;s__Fusarium kyushuense
42676|Fusarium sacchari	k__Fungi;p__Ascomycota;c__Sordariomycetes;o__Hypocreales;f__Nectriaceae;g__Fusarium;s__Fusarium sacchari
42676|Fusarium sacchari	k__Fungi;p__Ascomycota;c__Sordariomycetes;o__Hypocreales;f__Nectriaceae;g__Fusarium;s__Fusarium sacchari
42676|Fusarium sacchari	k__Fungi;p__Ascomycota;c__Sordariomycetes;o__Hypocreales;f__Nectriaceae;g__Fusarium;s__Fusarium sacchari
282271|Fusarium boothii	k__Fungi;p__Ascomycota;c__Sordariomycetes;o__Hypocreales;f__Nectriaceae;g__Fusarium;s__Fusarium boothii
282271|Fusarium boothii	k__Fungi;p__Ascomycota;c__Sordariomycetes;o__Hypocreales;f__Nectriaceae;g__Fusarium;s__Fusarium boothii
282271|Fusarium boothii	k__Fungi;p__Ascomycota;c__Sordariomycetes;o__Hypocreales;f__Nectriaceae;g__Fusarium;s__Fusarium boothii
56641|Fusarium cerealis  / Fusarium crookwellense	k__Fungi;p__Ascomycota;c__Sordariomycetes;o__Hypocreales;f__Nectriaceae;g__Fusarium;s__Fusarium cerealis / Fusarium crookwellense
56641|Fusarium cerealis  / Fusarium crookwellense	k__Fungi;p__Ascomycota;c__Sordariomycetes;o__Hypocreales;f__Nectriaceae;g__Fusarium;s__Fusarium cerealis / Fusarium crookwellense
56641|Fusarium cerealis  / Fusarium crookwellense	k__Fungi;p__Ascomycota;c__Sordariomycetes;o__Hypocreales;f__Nectriaceae;g__Fusarium;s__Fusarium cerealis / Fusarium crookwellense
60167|Penicillium cyclopium	k__Fungi;p__Ascomycota;c__Eurotiomycetes;o__Eurotiales;f__Aspergillaceae;g__Penicillium;s__Penicillium cyclopium
60167|Penicillium cyclopium	k__Fungi;p__Ascomycota;c__Eurotiomycetes;o__Eurotiales;f__Aspergillaceae;g__Penicillium;s__Penicillium cyclopium
60167|Penicillium cyclopium	k__Fungi;p__Ascomycota;c__Eurotiomycetes;o__Eurotiales;f__Aspergillaceae;g__Penicillium;s__Penicillium cyclopium
28572|Penicillium funiculosum / Talaromyces funiculosus	k__Fungi;p__Ascomycota;c__Eurotiomycetes;o__Eurotiales;f__Trichocomaceae;g__Talaromyces;s__Penicillium funiculosum / Talaromyces funiculosus
28572|Penicillium funiculosum / Talaromyces funiculosus	k__Fungi;p__Ascomycota;c__Eurotiomycetes;o__Eurotiales;f__Trichocomaceae;g__Talaromyces;s__Penicillium funiculosum / Talaromyces funiculosus
28572|Penicillium funiculosum / Talaromyces funiculosus	k__Fungi;p__Ascomycota;c__Eurotiomycetes;o__Eurotiales;f__Trichocomaceae;g__Talaromyces;s__Penicillium funiculosum / Talaromyces funiculosus
60134|Penicillium viridicatum	k__Fungi;p__Ascomycota;c__Eurotiomycetes;o__Eurotiales;f__Aspergillaceae;g__Penicillium;s__Penicillium viridicatum
60134|Penicillium viridicatum	k__Fungi;p__Ascomycota;c__Eurotiomycetes;o__Eurotiales;f__Aspergillaceae;g__Penicillium;s__Penicillium viridicatum
60134|Penicillium viridicatum	k__Fungi;p__Ascomycota;c__Eurotiomycetes;o__Eurotiales;f__Aspergillaceae;g__Penicillium;s__Penicillium viridicatum
101201|Trichoderma asperellum	k__Fungi;p__子囊菌门;c__Sordariomycetes;o__Hypocreales;f__肉座菌科;g__木霉属;s__Trichoderma asperellum
101201|Trichoderma asperellum	k__Fungi;p__子囊菌门;c__Sordariomycetes;o__Hypocreales;f__肉座菌科;g__木霉属;s__Trichoderma asperellum
101201|Trichoderma asperellum	k__Fungi;p__子囊菌门;c__Sordariomycetes;o__Hypocreales;f__肉座菌科;g__木霉属;s__Trichoderma asperellum
3021703|Marasmiellus inoderma	k__Fungi;p__Basidiomycota;c__Agaricomycetes;o__Agaricales;f__Omphalotaceae;g__Marasmiellus;s__Marasmiellus inoderma
160937|Marasmius graminum var. brevispora / Marasmius graminum	k__Fungi;p__Basidiomycota;c__Agaricomycetes;o__Agaricales;f__Omphalotaceae;g__Marasmiellus;s__Marasmius graminum var. brevispora / Marasmius graminum
160937|Marasmius graminum var. brevispora / Marasmius graminum	k__Fungi;p__Basidiomycota;c__Agaricomycetes;o__Agaricales;f__Omphalotaceae;g__Marasmiellus;s__Marasmius graminum var. brevispora / Marasmius graminum
160937|Marasmius graminum var. brevispora / Marasmius graminum	k__Fungi;p__Basidiomycota;c__Agaricomycetes;o__Agaricales;f__Omphalotaceae;g__Marasmiellus;s__Marasmius graminum var. brevispora / Marasmius graminum
935936|Phaeocytostroma ambiguum	k__Fungi;p__子囊菌门;c__Sordariomycetes;o__Diaporthales;f__Diaporthaceae;g__Phaeocytostroma;s__Phaeocytostroma ambiguum
935936|Phaeocytostroma ambiguum	k__Fungi;p__子囊菌门;c__Sordariomycetes;o__Diaporthales;f__Diaporthaceae;g__Phaeocytostroma;s__Phaeocytostroma ambiguum
935936|Phaeocytostroma ambiguum	k__Fungi;p__子囊菌门;c__Sordariomycetes;o__Diaporthales;f__Diaporthaceae;g__Phaeocytostroma;s__Phaeocytostroma ambiguum
140044|Pythium aristosporum	k__Chromista;p__卵菌门;c__Peronosporomycetes;o__Pythiales;f__Pythiaceae;g__Pythium;s__Pythium aristosporum
140044|Pythium aristosporum	k__Chromista;p__卵菌门;c__Peronosporomycetes;o__Pythiales;f__Pythiaceae;g__Pythium;s__Pythium aristosporum
140044|Pythium aristosporum	k__Chromista;p__卵菌门;c__Peronosporomycetes;o__Pythiales;f__Pythiaceae;g__Pythium;s__Pythium aristosporum
27338|Sordaria fimicola	k__Fungi;p__子囊菌门;c__Sordariomycetes;o__Sordariales;f__Sordariaceae;g__Sordaria;s__Sordaria fimicola
27338|Sordaria fimicola	k__Fungi;p__子囊菌门;c__Sordariomycetes;o__Sordariales;f__Sordariaceae;g__Sordaria;s__Sordaria fimicola
27338|Sordaria fimicola	k__Fungi;p__子囊菌门;c__Sordariomycetes;o__Sordariales;f__Sordariaceae;g__Sordaria;s__Sordaria fimicola
255602|Trichoderma ovalisporum	k__Fungi;p__子囊菌门;c__Sordariomycetes;o__Hypocreales;f__肉座菌科;g__木霉属;s__Trichoderma ovalisporum
255602|Trichoderma ovalisporum	k__Fungi;p__子囊菌门;c__Sordariomycetes;o__Hypocreales;f__肉座菌科;g__木霉属;s__Trichoderma ovalisporum
255602|Trichoderma ovalisporum	k__Fungi;p__子囊菌门;c__Sordariomycetes;o__Hypocreales;f__肉座菌科;g__木霉属;s__Trichoderma ovalisporum
228353|Talaromyces radicus	k__Fungi;p__Ascomycota;c__Eurotiomycetes;o__Eurotiales;f__Trichocomaceae;g__Talaromyces;s__Talaromyces radicus
228353|Talaromyces radicus	k__Fungi;p__Ascomycota;c__Eurotiomycetes;o__Eurotiales;f__Trichocomaceae;g__Talaromyces;s__Talaromyces radicus
228353|Talaromyces radicus	k__Fungi;p__Ascomycota;c__Eurotiomycetes;o__Eurotiales;f__Trichocomaceae;g__Talaromyces;s__Talaromyces radicus
1682390|Microdochium seminicola	k__Fungi;p__子囊菌门;c__Sordariomycetes;o__Xylariales;f__Microdochiaceae;g__Microdochium;s__Microdochium seminicola
1682390|Microdochium seminicola	k__Fungi;p__子囊菌门;c__Sordariomycetes;o__Xylariales;f__Microdochiaceae;g__Microdochium;s__Microdochium seminicola
1682390|Microdochium seminicola	k__Fungi;p__子囊菌门;c__Sordariomycetes;o__Xylariales;f__Microdochiaceae;g__Microdochium;s__Microdochium seminicola
226117|Myrothecium gramineum /Xepiculopsis graminea	k__Fungi;p__Ascomycota;c__Sordariomycetes;o__Hypocreales;f__Stachybotryaceae;g__Myrothecium;s__Myrothecium gramineum /Xepiculopsis graminea
226117|Myrothecium gramineum /Xepiculopsis graminea	k__Fungi;p__Ascomycota;c__Sordariomycetes;o__Hypocreales;f__Stachybotryaceae;g__Myrothecium;s__Myrothecium gramineum /Xepiculopsis graminea
226117|Myrothecium gramineum /Xepiculopsis graminea	k__Fungi;p__Ascomycota;c__Sordariomycetes;o__Hypocreales;f__Stachybotryaceae;g__Myrothecium;s__Myrothecium gramineum /Xepiculopsis graminea
60171|Penicillium verrucosum	k__Fungi;p__Ascomycota;c__Eurotiomycetes;o__Eurotiales;f__Aspergillaceae;g__Penicillium;s__Penicillium verrucosum
60171|Penicillium verrucosum	k__Fungi;p__Ascomycota;c__Eurotiomycetes;o__Eurotiales;f__Aspergillaceae;g__Penicillium;s__Penicillium verrucosum
60171|Penicillium verrucosum	k__Fungi;p__Ascomycota;c__Eurotiomycetes;o__Eurotiales;f__Aspergillaceae;g__Penicillium;s__Penicillium verrucosum
78864|Fusarium globosum	k__Fungi;p__Ascomycota;c__Sordariomycetes;o__Hypocreales;f__Nectriaceae;g__Fusarium;s__Fusarium globosum
78864|Fusarium globosum	k__Fungi;p__Ascomycota;c__Sordariomycetes;o__Hypocreales;f__Nectriaceae;g__Fusarium;s__Fusarium globosum
78864|Fusarium globosum	k__Fungi;p__Ascomycota;c__Sordariomycetes;o__Hypocreales;f__Nectriaceae;g__Fusarium;s__Fusarium globosum
42672|Fusarium napiforme	k__Fungi;p__Ascomycota;c__Sordariomycetes;o__Hypocreales;f__Nectriaceae;g__Fusarium;s__Fusarium napiforme
42672|Fusarium napiforme	k__Fungi;p__Ascomycota;c__Sordariomycetes;o__Hypocreales;f__Nectriaceae;g__Fusarium;s__Fusarium napiforme
42672|Fusarium napiforme	k__Fungi;p__Ascomycota;c__Sordariomycetes;o__Hypocreales;f__Nectriaceae;g__Fusarium;s__Fusarium napiforme
47755|Fusarium pseudonygamai	k__Fungi;p__Ascomycota;c__Sordariomycetes;o__Hypocreales;f__Nectriaceae;g__Fusarium;s__Fusarium pseudonygamai
47755|Fusarium pseudonygamai	k__Fungi;p__Ascomycota;c__Sordariomycetes;o__Hypocreales;f__Nectriaceae;g__Fusarium;s__Fusarium pseudonygamai
47755|Fusarium pseudonygamai	k__Fungi;p__Ascomycota;c__Sordariomycetes;o__Hypocreales;f__Nectriaceae;g__Fusarium;s__Fusarium pseudonygamai
5062|Aspergillus oryzae	k__Fungi;p__子囊菌门;c__Eurotiomycetes;o__Eurotiales;f__Aspergillaceae;g__Aspergillus;s__Aspergillus oryzae
5062|Aspergillus oryzae	k__Fungi;p__子囊菌门;c__Eurotiomycetes;o__Eurotiales;f__Aspergillaceae;g__Aspergillus;s__Aspergillus oryzae
5062|Aspergillus oryzae	k__Fungi;p__子囊菌门;c__Eurotiomycetes;o__Eurotiales;f__Aspergillaceae;g__Aspergillus;s__Aspergillus oryzae
487631|Didymella exitialis / Neoascochyta exitialis	k__Fungi;p__子囊菌门;c__座囊菌纲;o__格孢菌目;f__Didymellaceae;g__Neoascochyta;s__Didymella exitialis / Neoascochyta exitialis
487631|Didymella exitialis / Neoascochyta exitialis	k__Fungi;p__子囊菌门;c__座囊菌纲;o__格孢菌目;f__Didymellaceae;g__Neoascochyta;s__Didymella exitialis / Neoascochyta exitialis
487631|Didymella exitialis / Neoascochyta exitialis	k__Fungi;p__子囊菌门;c__座囊菌纲;o__格孢菌目;f__Didymellaceae;g__Neoascochyta;s__Didymella exitialis / Neoascochyta exitialis
33175|Phaeosphaeria herpotricha / Ophiosphaerella herpotricha	k__Fungi;p__子囊菌门;c__座囊菌纲;o__格孢菌目;f__Phaeosphaeriaceae;g__Ophiosphaerella;s__Phaeosphaeria herpotricha / Ophiosphaerella herpotricha
33175|Phaeosphaeria herpotricha / Ophiosphaerella herpotricha	k__Fungi;p__子囊菌门;c__座囊菌纲;o__格孢菌目;f__Phaeosphaeriaceae;g__Ophiosphaerella;s__Phaeosphaeria herpotricha / Ophiosphaerella herpotricha
33175|Phaeosphaeria herpotricha / Ophiosphaerella herpotricha	k__Fungi;p__子囊菌门;c__座囊菌纲;o__格孢菌目;f__Phaeosphaeriaceae;g__Ophiosphaerella;s__Phaeosphaeria herpotricha / Ophiosphaerella herpotricha
125373|Paraphaeosphaeria michotii / Sphaeria michotii	k__Fungi;p__子囊菌门;c__座囊菌纲;o__格孢菌目;f__Didymosphaeriaceae;g__Paraphaeosphaeria;s__Paraphaeosphaeria michotii / Sphaeria michotii
125373|Paraphaeosphaeria michotii / Sphaeria michotii	k__Fungi;p__子囊菌门;c__座囊菌纲;o__格孢菌目;f__Didymosphaeriaceae;g__Paraphaeosphaeria;s__Paraphaeosphaeria michotii / Sphaeria michotii
125373|Paraphaeosphaeria michotii / Sphaeria michotii	k__Fungi;p__子囊菌门;c__座囊菌纲;o__格孢菌目;f__Didymosphaeriaceae;g__Paraphaeosphaeria;s__Paraphaeosphaeria michotii / Sphaeria michotii
1230527|Helminthosporium hawaiiensis / Curvularia hawaiiensis	k__Fungi;p__子囊菌门;c__座囊菌纲;o__格孢菌目;f__格孢菌科;g__Curvularia;s__Helminthosporium hawaiiensis / Curvularia hawaiiensis
1230527|Helminthosporium hawaiiensis / Curvularia hawaiiensis	k__Fungi;p__子囊菌门;c__座囊菌纲;o__格孢菌目;f__格孢菌科;g__Curvularia;s__Helminthosporium hawaiiensis / Curvularia hawaiiensis
1230527|Helminthosporium hawaiiensis / Curvularia hawaiiensis	k__Fungi;p__子囊菌门;c__座囊菌纲;o__格孢菌目;f__格孢菌科;g__Curvularia;s__Helminthosporium hawaiiensis / Curvularia hawaiiensis
13001|Ceratocystis paradoxa/Thielaviopsis paradoxa	k__Fungi;p__子囊菌门;c__Hypocreomycetidae;o__Microascales;f__Ceratostomataceae;g__Thielaviopsis;s__Ceratocystis paradoxa/Thielaviopsis paradoxa
13001|Ceratocystis paradoxa/Thielaviopsis paradoxa	k__Fungi;p__子囊菌门;c__Hypocreomycetidae;o__Microascales;f__Ceratostomataceae;g__Thielaviopsis;s__Ceratocystis paradoxa/Thielaviopsis paradoxa
13001|Ceratocystis paradoxa/Thielaviopsis paradoxa	k__Fungi;p__子囊菌门;c__Hypocreomycetidae;o__Microascales;f__Ceratostomataceae;g__Thielaviopsis;s__Ceratocystis paradoxa/Thielaviopsis paradoxa
907947|Pythium vexans/Phytopythium vexans	k__Chromista;p__卵菌门;c__Peronosporomycetes;o__Pythiales;f__Pythiaceae;g__Phytopythium;s__Pythium vexans/Phytopythium vexans
907947|Pythium vexans/Phytopythium vexans	k__Chromista;p__卵菌门;c__Peronosporomycetes;o__Pythiales;f__Pythiaceae;g__Phytopythium;s__Pythium vexans/Phytopythium vexans
907947|Pythium vexans/Phytopythium vexans	k__Chromista;p__卵菌门;c__Peronosporomycetes;o__Pythiales;f__Pythiaceae;g__Phytopythium;s__Pythium vexans/Phytopythium vexans
289598|Pythium angustatum	k__Chromista;p__卵菌门;c__Peronosporomycetes;o__Pythiales;f__Pythiaceae;g__Pythium;s__Pythium angustatum
289598|Pythium angustatum	k__Chromista;p__卵菌门;c__Peronosporomycetes;o__Pythiales;f__Pythiaceae;g__Pythium;s__Pythium angustatum
289598|Pythium angustatum	k__Chromista;p__卵菌门;c__Peronosporomycetes;o__Pythiales;f__Pythiaceae;g__Pythium;s__Pythium angustatum
2713053|Gonatobotrys simplex	k__Fungi;p__子囊菌门;c__粪壳菌纲;o__Coronophorales;f__Ceratostomataceae;g__Melanospora;s__Gonatobotrys simplex
2713053|Gonatobotrys simplex	k__Fungi;p__子囊菌门;c__粪壳菌纲;o__Coronophorales;f__Ceratostomataceae;g__Melanospora;s__Gonatobotrys simplex
41984|Aspergillus tamarii	k__Fungi;p__子囊菌门;c__散囊菌纲;o__散囊菌目;f__Aspergillaceae;g__Aspergillus;s__Aspergillus tamarii
41984|Aspergillus tamarii	k__Fungi;p__子囊菌门;c__散囊菌纲;o__散囊菌目;f__Aspergillaceae;g__Aspergillus;s__Aspergillus tamarii
41984|Aspergillus tamarii	k__Fungi;p__子囊菌门;c__散囊菌纲;o__散囊菌目;f__Aspergillaceae;g__Aspergillus;s__Aspergillus tamarii
55169|Botryosphaeria dothidea	k__Fungi;p__Ascomycota;c__Dothideomycetes;o__Botryosphaeriales;f__Botryosphaeriaceae;g__Botryosphaeria;s__Botryosphaeria dothidea
55169|Botryosphaeria dothidea	k__Fungi;p__Ascomycota;c__Dothideomycetes;o__Botryosphaeriales;f__Botryosphaeriaceae;g__Botryosphaeria;s__Botryosphaeria dothidea
55169|Botryosphaeria dothidea	k__Fungi;p__Ascomycota;c__Dothideomycetes;o__Botryosphaeriales;f__Botryosphaeriaceae;g__Botryosphaeria;s__Botryosphaeria dothidea
5180|Sclerotinia sclerotiorum	k__Fungi;p__Ascomycota;c__Leotiomycetes;o__Helotiales;f__Sclerotiniaceae;g__Sclerotinia;s__Sclerotinia sclerotiorum
5180|Sclerotinia sclerotiorum	k__Fungi;p__Ascomycota;c__Leotiomycetes;o__Helotiales;f__Sclerotiniaceae;g__Sclerotinia;s__Sclerotinia sclerotiorum
5180|Sclerotinia sclerotiorum	k__Fungi;p__Ascomycota;c__Leotiomycetes;o__Helotiales;f__Sclerotiniaceae;g__Sclerotinia;s__Sclerotinia sclerotiorum
4785|Phytophthora cinnamomi	k__Chromista;p__Oomycota;c__Peronosporomycetes;o__Peronosporales;f__Peronosporaceae;g__Phytophthora;s__Phytophthora cinnamomi
4785|Phytophthora cinnamomi	k__Chromista;p__Oomycota;c__Peronosporomycetes;o__Peronosporales;f__Peronosporaceae;g__Phytophthora;s__Phytophthora cinnamomi
4785|Phytophthora cinnamomi	k__Chromista;p__Oomycota;c__Peronosporomycetes;o__Peronosporales;f__Peronosporaceae;g__Phytophthora;s__Phytophthora cinnamomi
337941|Trichoderma koningiopsis	k__Fungi;p__子囊菌门;c__Sordariomycetes;o__Hypocreales;f__肉座菌科;g__木霉属;s__Trichoderma koningiopsis
337941|Trichoderma koningiopsis	k__Fungi;p__子囊菌门;c__Sordariomycetes;o__Hypocreales;f__肉座菌科;g__木霉属;s__Trichoderma koningiopsis
337941|Trichoderma koningiopsis	k__Fungi;p__子囊菌门;c__Sordariomycetes;o__Hypocreales;f__肉座菌科;g__木霉属;s__Trichoderma koningiopsis
