species	taxid	citation_id	doi	pmid
Acidovorax avenae subsp. avenae	80867	80867.1	10.1094/pdis-03-14-0334-pdn	30704011
Acidovorax avenae subsp. avenae	80867	80867.2	10.1094/pd-78-0640d	
Bacillus pumilus	1408	1408.1	10.1016/b978-0-12-803527-6.00011-1	
Bacillus pumilus	1408	1408.2	10.13926/j.cnki.apps.000731	
Burkholderia gladioli	28095	28095.1	10.1111/j.1439-0434.2010.01776.x	
Burkholderia gladioli	28095	28095.2	10.3390/agriculture16090948	
Clavibacter michiganensis subsp. nebraskensis	31963	31963.1	10.1111/mpp.13268	36116105
Dickeya dadantii	204038	204038.1	10.1601/ex.9513	
Dickeya zeae	204042	204042.1	10.1111/ppa.13858	
Dickeya zeae	204042	204042.2	10.70693/cjmsr.v1i1.554	
Dickeya zeae	204042	204042.3	10.13926/j.cnki.apps.000731	
Enterobacter cloacae subsp. dissolvens	69219	69219.1	10.1021/acs.jafc.0c01613.s001	
Klebsiella pneumoniae	573	573.1	10.1016/j.micpath.2019.103906	31786257
Pantoea agglomerans	549	549.1	10.1094/pdis-91-10-1365a	30780539
Pantoea agglomerans	549	549.2	10.70693/cjmsr.v1i1.554	
Pantoea agglomerans	549	549.3	10.13926/j.cnki.apps.000731	
Pantoea ananatis	553	553.1	10.1111/mpp.13442	38476100
Pantoea stewartii subsp. stewartii	66269	66269.1	10.1111/j.1364-3703.2010.00698.x	21726365
Pectobacterium carotovorum	554	554.1	10.14199/ppp-2024-003	
Pseudomonas aeruginosa	287	287.1	10.1111/j.1744-7917.1998.tb00328.x	
Pseudomonas aeruginosa	287	287.2	10.13926/j.cnki.apps.000731	
Pseudomonas asplenii	53407	53407.1	10.1094/pd-73-0514	
Pseudomonas extremorientalis	169669	169669.1	10.70693/cjmsr.v1i1.554	
Pseudomonas extremorientalis	169669	169669.2	10.13926/j.cnki.apps.000731	
Pseudomonas syringae pv. lapsa	199201	199201.1	10.13989/j.cnki.0517-6611.2006.10.056﻿	
Pseudomonas syringae pv. syringae	321	321.1	10.1002/mbo3.261	25940918
Robbsia andropogonis	28092	28092.1	10.1094/pd-78-1218c	
Serratia marcescens	615	615.1	10.1094/pdis-02-23-0276-re	37727018
Stenotrophomonas maltophilia	40324	40324.1	10.1111/jph.13299	
Xanthomonas vasicola pv. vasculorum	325776	325776.1	10.1094/phyto-05-17-0168-r	28677478
Alphanucleorhabdovirus maydis	279896	279896.1	10.1016/b978-0-12-801246-8.00008-1	25410107
Alphanucleorhabdovirus zeairanense	348823	348823.1	10.1371/journal.pone.0194592	29634778
American wheat striate mosaic virus	1985707	1985707.1	10.1139/b63-098	
Aureusvirus zeae	445227	445227.1	10.1094/phyto-81-397	
Betacytorhabdovirus hordei	2545470	2545470.1	10.1071/ar9820013	
Bromovirus BMV	12302	12302.1	10.2139/ssrn.4752320	
Cucumovirus CMV	12305	12305.1	10.5423/ppj.2011.27.4.372	
Emaravirus tritici	1980428	1980428.1	10.1016/b978-0-12-801246-8.00008-1	25410107
Fijivirus alporyzae	10990	10990.1	10.1016/b978-0-12-801246-8.00008-1	25410107
Fijivirus boryzae	519497	519497.1	10.3389/fmicb.2013.00270	24058362
Fijivirus cuartoense	185954	185954.1	10.1016/b978-0-12-801246-8.00008-1	25410107
Fijivirus zeae	10989	10989.1	10.1016/b978-0-12-801246-8.00008-1	25410107
Gammanucleorhabdovirus cerealis	2964312	2964312.1	10.1071/ar9790433	
Gammanucleorhabdovirus maydis	209854	209854.1	10.1094/phyto.2002.92.11.1167	18944241
Hordeivirus hordei	12327	12327.1	10.1094/phyto-64-64	
Luteovirus mavhordei	2169984	2169984.1	10.1080/09064710500297658	
Luteovirus mavhordei	2169984	2169984.2	10.1080/09064710500297658	
Machlomovirus zeae	12138	12138.1	10.3390/plants10020233	33504044
Maize yellow stripe virus	328622	328622.1	10.1007/s00705-007-0980-7	
Marafivirus maydis	59749	59749.1	10.1016/b978-0-12-801246-8.00008-1	25410107
Mastrevirus bourbonense	1182518	1182518.1	10.1007/s00705-020-04906-x	33502595
Mastrevirus fulleri	2557970	2557970.1	10.1007/s11262-019-01655-1	30875007
Mastrevirus storeyi	10821	10821.1	10.1002/ndr2.12302	
Polerovirus MAYMV	1856642	1856642.1	10.1094/pdis-09-20-2088-re	33736468
Polerovirus MYDVRMV	2170101	2170101.1	10.3389/fmicb.2013.00205	23888156
Potyvirus halapensis	31742	31742.1	10.1094/pdis-01-17-0136-re	30678589
Potyvirus pennisseti	221262	221262.1	10.1111/j.1365-3059.2004.01074.x	
Potyvirus sacchari	12224	12224.1	10.3390/plants10020233	33504044
Potyvirus sorghitessellati	32619	32619.1	10.3390/v10090492	30217014
Potyvirus zeananus	12203	12203.1	10.3390/plants10020233	33504044
Potyvirus zeatessellati	115232	115232.1	10.1094/phyto.2000.90.5.505	18944557
Tenuivirus oryzaclavatae	3052763	3052763.1	10.1094/9780890544945	
Tenuivirus zeae	3052767	3052767.1	10.1016/b978-0-12-801246-8.00008-1	25410107
Totivirus jyukyu	1756285	1756285.1	10.1007/s11262-019-01650-6	30790190
Tritimovirus tritici	31741	31741.1	10.1094/mpmi-09-13-0272-r	24111920
Waikavirus zeae	51354	51354.1	10.1016/b978-0-12-801246-8.00008-1	25410107
Zeavirus zeae	137556	137556.1	10.1094/pdis.2000.84.10.1133	30831907
Agroathelia rolfsii (Sclerotium rolfsii, Athelia rolfsii)	39291	39291.1	10.56739/jor.v40ispecialissue.145438	
Alternaria alternata	5599	5599.1	10.1094/pdis-06-21-1151-re	36354937
Alternaria burnsii	1187904	1187904.1	10.1094/pdis-06-21-1151-re	34472972
Alternaria tenuissima	119927	119927.1	10.1094/pdis-06-21-1151-re	34472972
Ascochyta maydis	NOT_VERIFIED	NOT_VERIFIED.1	10.1080/00275514.1930.12017012	
Ascochyta zeae	NOT_VERIFIED	NOT_VERIFIED.1	10.3126/jmrd.v1i1.14242	
Aspergillus flavus	5059	5059.1	10.1111/j.1364-3703.2007.00436.x	20507532
Aspergillus glaucus	41413	41413.1	10.33003/fjs-2024-0806-3130	
Aspergillus niger	5061	5061.1	10.1094/pdis-05-20-1105-pdn	
Aspergillus parasiticus	5067	5067.1	10.1111/jph.70119	
Aspergillus tamarii	41984	41984.1	10.3390/toxins4110991	23202303
Bipolaris maydis (Cochliobolus heterostrophus)	5016	5016.1	10.2134/csa2017.62.0806	
Bipolaris sorokiniana (Cochliobolus sativus)	45130	45130.1	10.13926/j.cnki.apps.000049	
Bipolaris zeicola (Cochliobolus carbonum)	5017	5017.1	10.2307/3870925	
Botryosphaeria zeae	NOT_VERIFIED	NOT_VERIFIED.1	10.1007/s10343-007-0139-1	
Botrytis cinerea	40559	40559.1	10.1111/pce.14740	37846876
Ceratobasidium cereale (Rhizoctonia cerealis)	76351	76351.1	10.1094/pdis-91-3-0260	30780558
Ceratocystis paradoxa/Thielaviopsis paradoxa	13001	13001.1	10.1016/b978-0-12-821843-3.00007-6	
Cercospora sorghi var. maydis	161743	161743.1	10.3114/sim.55.1.189	18490979
Cercospora zeae-maydis	135779	135779.1	10.1094/pdis.1999.83.10.884	30841068
Cercospora zeina	348901	348901.1	10.1094/pdis-03-13-0280-pdn	30716816
Cladosporium cladosporioides	29917	29917.1	10.3390/toxins16020095	38393173
Cladosporium cladosporioides	29917	29917.2	10.13597/j.cnki.maize.science.20250616	
Cladosporium herbarum	29918	29918.1	10.31274/cc-20240624-394	
Claviceps gigantea	89175	89175.1	10.1021/acs.jafc.7b04272.s001	
Colletotrichum graminicola /Glomerella graminicola	31870	31870.1	10.1128/aem.01165-07	18065625
Curvularia aeria / Curvularia lunata var. aeria	1203437	1203437.1	10.56093/ijas.v92i9.123910	
Curvularia australiensis	91365	91365.1	10.1094/pdis-09-15-1096-pdn	
Curvularia clavata	95742	95742.1	10.1007/bf02077558	
Curvularia eragrostidis	418125	418125.1	10.12692/ijb/7.6.111-117	
Curvularia geniculata(Cochliobolus geniculatus)	418126	418126.1	10.1094/pdis-03-21-0637-pdn	
Curvularia inaequalis / Helminthosporium inaequale	38902	38902.1	10.1094/pdis-10-18-1857-re	31107642
Curvularia intermedia / Cochliobolus intermedius	95735	95735.1	10.1094/pdis-10-18-1857-re	31107642
Curvularia lunata (Cochliobolus lunatus)	5503	5503.1	10.1186/1471-2164-15-627	25056288
Curvularia pallescens	318706	318706.1	10.1094/pdis-07-23-1410-pdn	
Curvularia senegalensis / Brachysporium senegalense	215132	215132.1	10.1094/pdis-10-18-1857-re	31107642
Curvularia tuberculata / Cochliobolus tuberculatus	1056642	1056642.1	10.1094/pdis-10-18-1857-re	31107642
Didymella exitialis / Neoascochyta exitialis	487631	487631.1	10.37155/2705-0653-0705-5	
Didymella exitialis / Neoascochyta exitialis	487631	487631.2	10.11922/sciencedb.538	
Didymella maydis (Phyllosticta maydis)	259522	259522.1	10.1094/phyto-61-1170	
Epicoccum nigrum	105696	105696.1	10.1094/pdis-09-21-1948-re	35612576
Epicoccum sorghinum/Phoma sorghina	749593	749593.1	10.1094/pd-89-0044	30795283
Eutiarosporella dactylidis	1608309	1608309.1	10.1016/j.jia.2023.09.032	
Exserohilum rostratum (Setosphaeria rostrata)	1659837	1659837.1	10.1094/pdis-04-21-0860-pdn	
Exserohilum rostratum (Setosphaeria rostrata)	1659837	1659837.2	10.2307/3758363	
Exserohilum turcicum (Setosphaeria turcica)	93612	93612.1	10.1111/ppa.12961	
Fusarium acuminatum	5515	5515.1	10.1094/php-10-18-0056-rs	
Fusarium andiyazi	520446	520446.1	10.1094/pdis-01-14-0038-pdn	30703964
Fusarium asiaticum	282267	282267.1	10.3389/fmicb.2021.652062	34759893
Fusarium avenaceum	40199	40199.1	10.1094/pdis-11-18-2034-pdn	
Fusarium boothii	282271	282271.1	10.1094/pdis-12-23-2765-sr	39623288
Fusarium camptoceras	57143	57143.1	10.1007/s41348-026-01297-0	
Fusarium cerealis / Fusarium crookwellense	56641	56641.1	10.3390/pathogens9110864	33105838
Fusarium chlamydosporum	86545	86545.1	10.1007/s11046-006-0082-1	17216329
Fusarium concentricum	48491	48491.1	10.1094/pdis-07-19-1515-pdn	
Fusarium culmorum	5516	5516.1	10.1094/pdis-07-21-1442-pdn	34705486
Fusarium equiseti	61235	61235.1	10.1016/j.cropro.2019.105035	
Fusarium globosum	78864	78864.1	10.1007/s11046-010-9318-1	20495873
Fusarium graminearum (Gibberella zeae)	5518	5518.1	10.1094/pdis.1997.81.6.556	30861834
Fusarium incarnatum (F. semitectum)	298378	298378.1	10.3389/fmicb.2021.652062	34759893
Fusarium kyushuense	56665	56665.1	10.1094/pdis-05-13-0558-pdn	30708751
Fusarium meridionale	282269	282269.1	10.3389/fmicb.2021.652062	34759893
Fusarium napiforme	42672	42672.1	10.1007/s11046-006-0082-1	17216329
Fusarium oxysporum	5507	5507.1	10.1094/php-11-18-0075-rs	
Fusarium poae	36050	36050.1	10.1007/bf03192261	23605973
Fusarium proliferatum	948311	948311.1	10.1094/pdis.1997.81.6.556	30861834
Fusarium pseudograminearum	101028	101028.1	10.1094/pdis-01-22-0099-pdn	
Fusarium pseudonygamai	47755	47755.1	10.3923/jbs.2010.795.799	
Fusarium sacchari	42676	42676.1	10.1590/1983-40632023v5374263	
Fusarium solani (Neocosmospora solani)	169388	169388.1	10.1094/php-10-18-0056-rs	
Fusarium sporotrichioides	5514	5514.1	10.1094/pdis-08-19-1669-pdn	
Fusarium subglutinans	42677	42677.1	10.1094/pdis.1997.81.6.556	30861834
Fusarium temperatum	1035347	1035347.1	10.1016/j.ijfoodmicro.2015.01.011	25647244
Fusarium tricinctum	61284	61284.1	10.3390/ijms231810821	36142733
Fusarium verticillioides (Gibberella moniliformis)	117187	117187.1	10.1094/pdis.1997.81.6.556	30861834
Gaeumannomyces graminis	29850	29850.1	10.1111/j.1364-3703.2004.00226.x	20565593
Gibberella fujikuroi (Fusarium fujikuroi)	5127	5127.1	10.2307/3761407	
Gloeocercospora sorghi / Microdochium sorghi	1682391	1682391.1	10.5040/9781350922075	
Gloeocercospora sorghi / Microdochium sorghi	1682391	1682391.2	10.14409/fa.2024.23.e0030	
Gonatobotrys simplex	2713053	2713053.1	10.1094/phyto-75-1201	
Graphium penicillioides	67620	67620.1	10.2134/agronmonogr18.3ed.c12	
Harpophora maydis (Cephalosporium maydis/Magnaporthiopsis maydis)	80373	80373.1	10.21608/jppp.2011.86639	
Helminthosporium hawaiiensis / Curvularia hawaiiensis	1230527	1230527.1	10.1007/978-981-97-8723-4_5	
Helminthosporium pedicellatum/Exserohilum pedicellatum	119929	119929.1	10.1007/bf02980733	
Helminthosporium pedicellatum/Exserohilum pedicellatum	119929	119929.2	10.1094/pdis-91-5-0634c	30780722
Helminthosporium tetramera / Curvularia spicifera/Bipolaris spicifera	145392	145392.1	10.1094/pdis-07-15-0750-pdn	
Hyalothyridium maydis / Orphanocoela maydis	NOT_VERIFIED	NOT_VERIFIED.1	10.2307/3793333	
Kabatiella zeae (Aureobasidium zeae)	1592451	1592451.1	10.1094/pdis-03-20-0509-re	33136469
Lasiodiplodia theobromae / Botryodiplodia tubericola	45133	45133.1	10.1094/pdis-01-16-0049-pdn	
Leptosphaeria multiseptata / Entodesmium multiseptatum	NOT_VERIFIED	NOT_VERIFIED.1	10.1201/b19891-7	
Leptosphaeria multiseptata / Entodesmium multiseptatum	NOT_VERIFIED	NOT_VERIFIED.2	10.37155/2705-0653-0705-5	
Leptosphaeria multiseptata / Entodesmium multiseptatum	NOT_VERIFIED	NOT_VERIFIED.3	10.11922/sciencedb.538	
Leptosphaeria variiseptata / Phaeosphaeria variiseptata	NOT_VERIFIED	NOT_VERIFIED.1	10.1094/9780890544945	
Leptosphaerulina australis	318710	318710.1	10.1094/pdis-11-23-2503-pdn	
Macrophomina phaseolina	35725	35725.1	10.3389/fpls.2021.634397	33968098
Marasmiellus inoderma	3021703	3021703.1	10.1016/s0007-1536(70)80130-9	
Marasmius graminum var. brevispora / Marasmius graminum	160937	160937.1	10.1093/oed/1150130953	
Marasmius sacchari var. hawaiiensis / Marasmius sacchar	2075139	2075139.1	10.1093/oed/1150130953	
Microdochium bolleyi	196109	196109.1	10.1079/cabicompendium.7998	
Microdochium seminicola	1682390	1682390.1	10.1094/pbiomes-12-24-0118-r	
Monographella maydis/Microdochium maydis	NOT_VERIFIED	NOT_VERIFIED.1	10.1127/nova.hedwigia/40/1985/113	
Mucor circinelloides	36080	36080.1	10.18196/pt.v13i1.21507	
Mycosarcoma maydis (Ustilago maydis)	5270	5270.1	10.1038/nature05248	17080091
Nigrospora oryzae (Khuskia oryzae)	335854	335854.1	10.1007/978-3-031-81770-0_22	
Paraphaeosphaeria michotii / Sphaeria michotii	125373	125373.1	10.1094/pbiomes-12-24-0118-r	
Penicillium chrysogenum	5076	5076.1	10.1099/00221287-70-2-243	4624991
Penicillium cyclopium	60167	60167.1	10.1128/aem.49.3.660-663.1985	16346759
Penicillium cyclopium	60167	60167.2	10.1002/fsn3.561	29983951
Penicillium funiculosum / Talaromyces funiculosus	28572	28572.1	10.1094/pdis-04-21-0686-re	34156277
Penicillium oxalicum	69781	69781.1	10.1094/pdis-12-22-2965-pdn	
Penicillium verrucosum	60171	60171.1	10.1080/19440049.2013.861933	24199782
Phaeocytostroma ambiguum	935936	935936.1	10.1094/pdis-02-26-0383-re	42067984
Phaeosphaeria herpotricha / Ophiosphaerella herpotricha	33175	33175.1	10.1201/b19891-7	
Phaeosphaeria herpotricha / Ophiosphaerella herpotricha	33175	33175.2	10.37155/2705-0653-0705-5	
Phaeosphaeria herpotricha / Ophiosphaerella herpotricha	33175	33175.3	10.11922/sciencedb.538	
Phaeosphaeria maydis	NOT_VERIFIED	NOT_VERIFIED.1	10.3390/biom15020252	40001555
Phaeosphaeria maydis	NOT_VERIFIED	NOT_VERIFIED.2	10.1094/pd-89-0986	30786633
Phialophora radicicola / Gaeumannomyces radicicola	1577605	1577605.1	10.1139/b52-026	
Phyllachora maydis	1825666	1825666.1	10.1094/php-04-22-0033-dg	
Physoderma maydis	276838	276838.1	10.1094/php-br-15-0003	
Physopella pallescens / Phakopsora pallescens	NOT_VERIFIED	NOT_VERIFIED.1	10.1007/978-1-4757-5221-2_7	
Physopella zeae	NOT_VERIFIED	NOT_VERIFIED.1	10.1094/phyto-78-65	
Puccinia polysora	684837	684837.1	10.1186/s42483-021-00102-0	
Puccinia sorghi	27349	27349.1	10.1094/phyto-11-15-0305-r	27003507
Pyricularia oryzae (Magnaporthe oryzae)	318829	318829.1	10.1094/phyto-09-20-0423-r	33100147
Rhizoctonia solani (Thanatephorus cucumeris)	456999	456999.1	10.1046/j.1365-3059.2000.00429.x	
Rhizopus arrhizus	64495	64495.1	10.3390/life15040554	40283109
Rhizopus stolonifer	4846	4846.1	10.1016/b978-0-444-87468-9.50024-9	
Sarocladium strictum (Acremonium strictum)	5046	5046.1	10.1023/a:1015092030874	
Sarocladium zeae/Acremonium zeae	1036732	1036732.1	10.1016/j.micres.2025.128146	40168814
Septoria maydis	NOT_VERIFIED	NOT_VERIFIED.1	10.4060/cb6351en	
Septoria maydis	NOT_VERIFIED	NOT_VERIFIED.2	10.14218/mrp.2015.029	
Septoria zeina/Septoria zeae	NOT_VERIFIED	NOT_VERIFIED.1	10.1016/b978-0-124-64450-2.x5001-3	
Setophoma terrestris (Phoma terrestris/Pyrenochaeta terrestris )	798162	798162.1	10.1111/ppa.13464	
Sporisorium reilianum (Sphacelotheca reiliana)	72558	72558.1	10.1104/pp.111.179499	21653782
Stenocarpella macrospora	371126	371126.1	10.2307/3760093	
Stenocarpella maydis (Diplodia maydis)	238245	238245.1	10.1016/j.funbio.2010.11.003	21315311
Talaromyces radicus	228353	228353.1	10.33142/hst.v1i1.14	
Talaromyces radicus	228353	228353.2	10.37155/2811-0617-0412-47	
Talaromyces radicus	228353	228353.3	10.2139/ssrn.4484815	
Talaromyces radicus	228353	228353.4	10.17660/ejhs.2019/84.1.6	
Trichoderma afroharzianum	1567482	1567482.1	10.1016/j.cropro.2025.107255	
Trichoderma asperellum	101201	101201.1	10.1111/pbi.70489	41457041
Trichoderma hamatum	49224	49224.1	10.4141/cjps75-085	
Trichoderma hamatum	49224	49224.2	10.1080/03235400802175904	
Trichoderma harzianum	5544	5544.1	10.1016/j.cropro.2025.107255	
Trichoderma koningii	97093	97093.1	10.4141/cjps72-176	
Trichoderma roseum /Trichothecium roseum	47278	47278.1	10.1094/pdis-03-16-0358-pdn	
Trichoderma viride	5547	5547.1	10.31274/icm-180809-92	
Ustilaginoidea virens	1159556	1159556.1	10.1079/cabicompendium.55958	
Waitea zeae (Rhizoctonia zeae)	49569	49569.1	10.1094/pdis-02-24-0352-re	39254848
Xepiculopsis graminea/Myrothecium gramineum	226117	226117.1	10.1007/978-1-4757-5221-2_7	
Globisporangium irregulare (Pythium irregulare)	36331	36331.1	10.1094/9780890544945	
Globisporangium irregulare (Pythium irregulare)	36331	36331.2	10.37155/2705-0653-0705-5	
Globisporangium irregulare (Pythium irregulare)	36331	36331.3	10.11922/sciencedb.538	
Globisporangium rostratum (Pythium rostratum )	2711123	2711123.1	10.1094/9780890544945	
Globisporangium rostratum (Pythium rostratum )	2711123	2711123.2	10.37155/2705-0653-0705-5	
Globisporangium rostratum (Pythium rostratum )	2711123	2711123.3	10.11922/sciencedb.538	
Peronosclerospora heteropogonis	467162	467162.1	10.1079/cabicompendium.44640	
Peronosclerospora maydis	886949	886949.1	10.1111/j.1365-3059.1988.tb02118.x	
Peronosclerospora miscanthi	1081076	1081076.1	10.3114/fuse.2022.09.05	35978987
Peronosclerospora philippinensis	886948	886948.1	10.1007/s10658-011-9772-8	
Peronosclerospora sacchari	467161	467161.1	10.1094/phyto-81-901	
Peronosclerospora sorghi	230839	230839.1	10.1046/j.1365-3059.2000.00484.x	
Peronosclerospora spontanea	NOT_VERIFIED	NOT_VERIFIED.1	10.3114/fuse.2022.09.05	35978987
Pythium acanthicum	65069	65069.1	10.1094/9780890544945	
Pythium acanthicum	65069	65069.2	10.37155/2705-0653-0705-5	
Pythium acanthicum	65069	65069.3	10.11922/sciencedb.538	
Pythium adhaerens	289596	289596.1	10.1094/9780890544945	
Pythium adhaerens	289596	289596.2	10.37155/2705-0653-0705-5	
Pythium adhaerens	289596	289596.3	10.11922/sciencedb.538	
Pythium angustatum	289598	289598.1	10.1787/647445123515	
Pythium aphanidermatum	65070	65070.1	10.1094/php-02-21-0046-fi	
Pythium aristosporum	140044	140044.1	10.3389/fpls.2023.1239635	37662167
Pythium arrhenomanes	82932	82932.1	10.1016/0261-2194(95)00120-4	
Pythium debaryanum /Globisporangium debaryanum	231958	231958.1	10.1079/cabicompendium.31300874	
Pythium debaryanum /Globisporangium debaryanum	231958	231958.2	10.1094/php-02-21-0046-fi	
Pythium graminicola	82937	82937.1	10.1079/cabicompendium.46149	
Pythium helicoides / Phytopythium helicoides	126844	126844.1	10.1094/pdis-02-21-0429-pdn	
Pythium inflatum	82938	82938.1	10.1007/s00438-005-0016-5	16133168
Pythium lutarium	289618	289618.1	10.1094/phytofr-11-22-0137-r	
Pythium paroecandrum/ Globisporangium paroecandrum	2125995	2125995.1	10.3186/jjphytopath.52.585	
Pythium pulchrum / Globisporangium pulchrum	115420	115420.1	10.1094/php-02-21-0046-fi	
Pythium schmitthenneri / Globisporangium schmitthenneri	1277646	1277646.1	10.3852/11-162	22123655
Pythium spinosum /Globisporangium spinosum	2125998	2125998.1	10.3186/jjphytopath.52.585	
Pythium splendens/Globisporangium splendens	82926	82926.1	10.1094/php-2004-0202-01-rs	
Pythium sylvaticum / Globisporangium sylvaticum	82950	82950.1	10.1094/pdis-08-20-1679-pdn	
Pythium torulosum	4799	4799.1	10.1094/pdis-08-20-1679-pdn	
Pythium ultimum	2052682	2052682.1	10.1094/pdis-91-6-0727	30780657
Pythium vexans/Phytopythium vexans	907947	907947.1	10.1094/php-02-21-0046-fi	
Sclerophthora macrospora	467176	467176.1	10.14720/aas.1999.73.2.15988	
Sclerophthora rayssiae / Sclerophthora rayssiae var. zeae	NOT_VERIFIED	NOT_VERIFIED.1	10.3114/fuse.2022.09.05	35978987
Sclerospora graminicola	162130	162130.1	10.1146/annurev.py.15.090177.001341	
