species	taxid	category	raw_refs	source_type	doi_list	pmid_list	resolution_status	notes
Acidovorax avenae subsp. avenae	80867	bacteria	Ji C, Ou J, Xu D, et al. First report of corn bacterial leaf stripe caused by Acidovorax avenae in Guangdong Province, China[J]. Plant Disease, 2014, 98(10): 1424-1424. White D G, Pataky J K, Stall R E. Unusual occurrences of bacterial leaf blight on maize and sorghum in Central Illinois[J]. 1994.	journal			UNRESOLVED	no explicit DOI/PMID in raw citation block
Bacillus pumilus	1408	bacteria	WANG X M, SHI J, JIN Q M, LI X, SUN S X. Field Book of Maize Diseases and Insect Pests. Beijing: China Agricultural Science and Technology Press, 2010. (in Chinese) 陈斌,韩海亮,侯俊峰,等.玉米细菌性茎腐病研究进展[J].中国植保导刊,2021,41(8):25-29+65. 姚秀英,代真林,魏兰芳,等.一株新的引起玉米细菌性茎腐病病原细菌的分离鉴定[J].植物病理学报,2021,51(5):822-827.DOI:10.13926/j.cnki.apps.000731.	book_or_compendium; chinese_literature	10.13926/j.cnki.apps.000731.		RESOLVED	
Burkholderia gladioli	28095	bacteria	Gijon-Hernandez A, Teliz-Ortiz D, Mejia-Sanchez D, et al. Leaf stripe and stem rot caused by Burkholderia gladioli, a new maize disease in Mexico[J]. Journal of Phytopathology, 2011, 159(5): 377-381. Félix-Gastelum, R.; Escalante-Castro, J.R.; Leyva-Madrigal, K.Y.; Maldonado-Mendoza, I.E.; Herrera-Rodríguez, G. Burkholderia gladioli Causing Brown Spot on Leaf Sheath of Sweet Corn (Zea mays L.) in Sinaloa, Mexico: An Emerging Disease. Agriculture 2026, 16, 948.	journal			UNRESOLVED	no explicit DOI/PMID in raw citation block
Clavibacter michiganensis subsp. nebraskensis	31963	bacteria	Osdaghi E, Robertson A E, Jackson‐Ziems T A, et al. Clavibacter nebraskensis causing Goss's wilt of maize: five decades of detaining the enemy in the New World[J]. Molecular Plant Pathology, 2023, 24(7): 675-692.	journal			UNRESOLVED	no explicit DOI/PMID in raw citation block
Dickeya dadantii	204038	bacteria	Askari S, Rezaei R, Sadravi M, et al. Identification of Dickeya dadantii Samson et al 2005 sp. nov.(Erwinia chrysanthemi 3937) as a causal agent of bacterial stalk rot of maize in Southwest of Iran[J]. Tropical Agriculture, 2018, 95(2).	journal			UNRESOLVED	no explicit DOI/PMID in raw citation block
Dickeya zeae	204042	bacteria	Jatoth R, Kashyap A S, Babu P L, et al. Unravelling the aetiology of Dickeya zeae using polyphasic approaches for bacterial stalk rot in maize[J]. Plant Pathology, 2024, 73(4): 1007-1022. 陈斌,韩海亮,侯俊峰,等.玉米细菌性茎腐病研究进展[J].中国植保导刊,2021,41(8):25-29+65. 姚秀英,代真林,魏兰芳,等.一株新的引起玉米细菌性茎腐病病原细菌的分离鉴定[J].植物病理学报,2021,51(5):822-827.DOI:10.13926/j.cnki.apps.000731.	chinese_literature	10.13926/j.cnki.apps.000731.		RESOLVED	
Enterobacter cloacae subsp. dissolvens	69219	bacteria	(Rosen 1922; Hoffmann et al. 2005) Enterobacter cloacae subsp. Dissolvens W-4 is an aerobe, Gram-negative, motile plant pathogen that was isolated from maize plant.	journal			UNRESOLVED	no explicit DOI/PMID in raw citation block
Klebsiella pneumoniae	573	bacteria	Huang M, He P, Munir S, et al. Ecology and etiology of bacterial top rot in maize caused by Klebsiella pneumoniae KpC4[J]. Microbial pathogenesis, 2020, 139: 103906.	journal			UNRESOLVED	no explicit DOI/PMID in raw citation block
Pantoea agglomerans	549	bacteria	Morales-Valenzuela G, Silva-Rojas H V, Ochoa-Martínez D, et al. First report of Pantoea agglomerans causing leaf blight and vascular wilt in maize and sorghum in Mexico[J]. Plant Disease, 2007, 91(10): 1365-1365. 陈斌,韩海亮,侯俊峰,等.玉米细菌性茎腐病研究进展[J].中国植保导刊,2021,41(8):25-29+65. 姚秀英,代真林,魏兰芳,等.一株新的引起玉米细菌性茎腐病病原细菌的分离鉴定[J].植物病理学报,2021,51(5):822-827.DOI:10.13926/j.cnki.apps.000731.	chinese_literature	10.13926/j.cnki.apps.000731.		RESOLVED	
Pantoea ananatis	553	bacteria	Zhao X, Gao L, Ali Q, et al. A type VI secretion system effector TseG of Pantoea ananatis is involved in virulence and antibacterial activity[J]. Molecular Plant Pathology, 2024, 25(3): e13442.	journal			UNRESOLVED	no explicit DOI/PMID in raw citation block
Pantoea stewartii subsp. stewartii	66269	bacteria	Roper M C. Pantoea stewartii subsp. stewartii: lessons learned from a xylem‐dwelling pathogen of sweet corn[J]. Molecular plant pathology, 2011, 12(7): 628-637.	journal			UNRESOLVED	no explicit DOI/PMID in raw citation block
Pectobacterium carotovorum	554	bacteria	Hoffmann A, Zenelt W, Krawczyk K. The effect of the method of inoculation of corn plants with bacterial pathogens on the formation and development of disease symptoms[J]. 2024.	journal			UNRESOLVED	no explicit DOI/PMID in raw citation block
Pseudomonas aeruginosa	287	bacteria	WANG X M, WANG Z Y. Illustrated Handbook of Maize Diseases, Insect Pests and Weeds in China. Beijing: China Agriculture Press, 2018. (in Chinese) 陈斌,韩海亮,侯俊峰,等.玉米细菌性茎腐病研究进展[J].中国植保导刊,2021,41(8):25-29+65. 姚秀英,代真林,魏兰芳,等.一株新的引起玉米细菌性茎腐病病原细菌的分离鉴定[J].植物病理学报,2021,51(5):822-827.DOI:10.13926/j.cnki.apps.000731.	book_or_compendium; chinese_literature	10.13926/j.cnki.apps.000731.		RESOLVED	
Pseudomonas asplenii	53407	bacteria	Duveiller E, Snacken F, Maraite H, et al. First detection of Pseudomonas fuscovaginae on maize and sorghum in Burundi[J]. 1989.	journal			UNRESOLVED	no explicit DOI/PMID in raw citation block
Pseudomonas extremorientalis	169669	bacteria	陈斌,韩海亮,侯俊峰,等.玉米细菌性茎腐病研究进展[J].中国植保导刊,2021,41(8):25-29+65. 姚秀英,代真林,魏兰芳,等.一株新的引起玉米细菌性茎腐病病原细菌的分离鉴定[J].植物病理学报,2021,51(5):822-827.DOI:10.13926/j.cnki.apps.000731.	chinese_literature	10.13926/j.cnki.apps.000731.		RESOLVED	
Pseudomonas syringae pv. lapsa	199201	bacteria	郑雅楠,吕国忠,杨宇,等.玉米细菌性茎腐病鉴别与防治[J].安徽农业科学,2006,(10):2128+2133.DOI:10.13989/j.cnki.0517-6611.2006.10.056﻿.	chinese_literature	10.13989/j.cnki.0517-6611.2006.10.056﻿.		RESOLVED	
Pseudomonas syringae pv. syringae	321	bacteria	Ravindran A, Jalan N, Yuan J S, et al. Comparative genomics of Pseudomonas syringae pv. syringae strains B301D and HS 191 and insights into intrapathovar traits associated with plant pathogenesis[J]. Microbiologyopen, 2015, 4(4): 553-573.	journal			UNRESOLVED	no explicit DOI/PMID in raw citation block
Robbsia andropogonis	28092	bacteria	Vidaver A K, Carlson R R. Leaf Spot of Field Corn Caused by Pseudimonas andropogonis[J]. 1978.	journal			UNRESOLVED	no explicit DOI/PMID in raw citation block
Serratia marcescens	615	bacteria	Liu H, Zhao C, Wang Y, et al. Isolation and Identification of the Causal Agent of Top Rot and the Genetic Architecture of Resistance in Maize[J]. Plant Disease, 2023, 107(9): 2799-2807.	journal			UNRESOLVED	no explicit DOI/PMID in raw citation block
Stenotrophomonas maltophilia	40324	bacteria	Heidari M, Aeini M. Stenotrophomonas maltophilia causing maize (Zea mays L.) seedling soft rot disease, an emerging threat to maize crop[J]. Journal of Phytopathology, 2024, 172(2): e13299.	journal			UNRESOLVED	no explicit DOI/PMID in raw citation block
Xanthomonas vasicola pv. vasculorum	325776	bacteria	Lang J M, DuCharme E, Ibarra Caballero J, et al. Detection and characterization of Xanthomonas vasicola pv. vasculorum (Cobb 1894) comb. nov. causing bacterial leaf streak of corn in the United States[J]. Phytopathology, 2017, 107(11): 1312-1321.	journal			UNRESOLVED	no explicit DOI/PMID in raw citation block
Alphanucleorhabdovirus maydis	279896	viruses	Redinbaugh M G, Zambrano J L. Control of virus diseases in maize[J]. Advances in virus research, 2014, 90: 391-429.	journal			UNRESOLVED	no explicit DOI/PMID in raw citation block
Alphanucleorhabdovirus zeairanense	348823	viruses	Ghorbani A, Izadpanah K, Dietzgen R G. Changes in maize transcriptome in response to maize Iranian mosaic virus infection[J]. Plos one, 2018, 13(4): e0194592.	journal			UNRESOLVED	no explicit DOI/PMID in raw citation block
American wheat striate mosaic virus	1985707	viruses	Slykhuis J T. Vector and host relations of North American wheat striate mosaic virus[J]. Canadian Journal of Botany, 1963, 41(8): 1171-1185.	journal			UNRESOLVED	no explicit DOI/PMID in raw citation block
Aureusvirus zeae	445227	viruses	Zhang L, Zitter T A, Lulkin E J. Artificial inoculation of maize white line mosaic virus into corn and wheat[J]. 1991.	journal			UNRESOLVED	no explicit DOI/PMID in raw citation block
Betacytorhabdovirus hordei	2545470	viruses	Greber R S. Maize sterile stunt—a delphacid transmitted rhabdovirus disease affecting some maize genotypes in Australia[J]. Australian Journal of Agricultural Research, 1982, 33(1): 13-23.	journal			UNRESOLVED	no explicit DOI/PMID in raw citation block
Bromovirus BMV	12302	viruses	Aguilera S, Rodríguez-Escobar J G, Romero-González V N, et al. Identification and abundance of six viruses and a spiroplasma in single and mixed infections in maize fields in Veracruz, Mexico[J]. Revista bio ciencias, 2019, 6.	journal			UNRESOLVED	no explicit DOI/PMID in raw citation block
Cucumovirus CMV	12305	viruses	Kim M K, Kwak H R, Lee S H, et al. Characteristics of Cucumber mosaic virus isolated from Zea mays in Korea[J]. The Plant Pathology Journal, 2011, 27(4): 372-377.	journal			UNRESOLVED	no explicit DOI/PMID in raw citation block
Emaravirus tritici	1980428	viruses	Redinbaugh M G, Zambrano J L. Control of virus diseases in maize[J]. Advances in virus research, 2014, 90: 391-429.	journal			UNRESOLVED	no explicit DOI/PMID in raw citation block
Fijivirus boryzae	519497	viruses	Zhou G, Xu D, Xu D, et al. Southern rice black-streaked dwarf virus: a white-backed planthopper-transmitted fijivirus threatening rice production in Asia[J]. Frontiers in microbiology, 2013, 4: 270.	journal			UNRESOLVED	no explicit DOI/PMID in raw citation block
Fijivirus cuartoense	185954	viruses	Redinbaugh M G, Zambrano J L. Control of virus diseases in maize[J]. Advances in virus research, 2014, 90: 391-429.	journal			UNRESOLVED	no explicit DOI/PMID in raw citation block
Fijivirus zeae	10989	viruses	Redinbaugh M G, Zambrano J L. Control of virus diseases in maize[J]. Advances in virus research, 2014, 90: 391-429.	journal			UNRESOLVED	no explicit DOI/PMID in raw citation block
Fijivirus zeae	10990	viruses	Redinbaugh M G, Zambrano J L. Control of virus diseases in maize[J]. Advances in virus research, 2014, 90: 391-429.	journal			UNRESOLVED	no explicit DOI/PMID in raw citation block
Gammanucleorhabdovirus cerealis	2964312	viruses	Greber R S. Cereal chlorotic mottle virus—a rhabdovirus of Gramineae in Australia transmitted by Nesoclutha pallida (Evans)[J]. Australian Journal of Agricultural Research, 1979, 30(3): 433-443.	journal			UNRESOLVED	no explicit DOI/PMID in raw citation block
Gammanucleorhabdovirus maydis	209854	viruses	Redinbaugh M G, Seifers D L, Meulia T, et al. Maize fine streak virus, a new leafhopper-transmitted rhabdovirus[J]. Phytopathology, 2002, 92(11): 1167-1174.	journal			UNRESOLVED	no explicit DOI/PMID in raw citation block
Hordeivirus hordei	12327	viruses	Pring D R. Barley stripe mosaic virus infection of corn and the" aberrant ratio" genetic effect[J]. 1974.	journal			UNRESOLVED	no explicit DOI/PMID in raw citation block
Luteovirus mavhordei	2169984	viruses	Bisnieks, M., Kvarnheden, A., Turka, I., & Sigvald, R. (2006). Occurrence of barley yellow dwarf virus and cereal yellow dwarf virus in pasture grasses and spring cereals in Latvia. Acta Agriculturae Scandinavica, Section B — Soil & Plant Science, 56(3), 171–178. https://doi.org/10.1080/09064710500297658	journal	10.1080/09064710500297658		RESOLVED	
Machlomovirus zeae	12138	viruses	Jones RAC. (2022). Global Plant Virus Disease Pandemics. Plants	journal			UNRESOLVED	no explicit DOI/PMID in raw citation block
Maize yellow stripe virus	328622	viruses	Mahmoud A, Royer M, Granier M, et al. Evidence for a segmented genome and partial nucleotide sequences of maize yellow stripe virus, a proposed new tenuivirus[J]. Archives of virology, 2007, 152(9): 1757-1762.	journal			UNRESOLVED	no explicit DOI/PMID in raw citation block
Marafivirus maydis	59749	viruses	Redinbaugh M G, Zambrano J L. Control of virus diseases in maize[J]. Advances in virus research, 2014, 90: 391-429.	journal			UNRESOLVED	no explicit DOI/PMID in raw citation block
Mastrevirus bourbonense	1182518	viruses	Oyeniran K A, Hartnady P, Claverie S, et al. How virulent are emerging maize-infecting mastreviruses?[J]. Archives of virology, 2021, 166(3): 955-959.	journal			UNRESOLVED	no explicit DOI/PMID in raw citation block
Mastrevirus fulleri	2557970	viruses	Guadie D, Tesfaye K, Knierim D, et al. Molecular analysis of maize (Zea mays L.)-infecting mastreviruses in Ethiopia reveals marked diversity of virus genomes and a novel species[J]. Virus genes, 2019, 55(3): 339-345.	journal			UNRESOLVED	no explicit DOI/PMID in raw citation block
Mastrevirus storeyi	10821	viruses	Santa Cruz F C, Domalanta J C, Minguez L T, et al. First report of maize streak virus affecting maize in the Philippines[J]. New Disease Reports, 2024, 50(1).	journal			UNRESOLVED	no explicit DOI/PMID in raw citation block
Polerovirus MAYMV	1856642	viruses	Stewart L R, Willie K. Maize yellow mosaic virus interacts with maize chlorotic mottle virus and sugarcane mosaic virus in mixed infections, but does not cause maize lethal necrosis[J]. Plant disease, 2021, 105(10): 3008-3014.	journal			UNRESOLVED	no explicit DOI/PMID in raw citation block
Polerovirus MYDVRMV	2170101	viruses	Krueger E N, Beckett R J, Gray S M, et al. The complete nucleotide sequence of the genome of Barley yellow dwarf virus-RMV reveals it to be a new Polerovirus distantly related to other yellow dwarf viruses[J]. Frontiers in Microbiology, 2013, 4: 205.	journal			UNRESOLVED	no explicit DOI/PMID in raw citation block
Potyvirus halapensis	31742	viruses	Stewart L R, Willie K, Wijeratne S, et al. Johnsongrass mosaic virus contributes to maize lethal necrosis in East Africa[J]. Plant disease, 2017, 101(8): 1455-1462.	journal			UNRESOLVED	no explicit DOI/PMID in raw citation block
Potyvirus pennisseti	221262	viruses	Fan Z F, Wang W J, Jiang X, et al. Natural infection of maize byPennisetum mosaic virusin China[J]. Plant pathology, 2004, 53(6).	journal			UNRESOLVED	no explicit DOI/PMID in raw citation block
Potyvirus sacchari	12224	viruses	Jones RAC. (2021). Global Plant Virus Disease Pandemics. Plants	journal			UNRESOLVED	no explicit DOI/PMID in raw citation block
Potyvirus sorghitessellati	32619	viruses	Kannan M, Ismail I, Bunawan H. Maize dwarf mosaic virus: from genome to disease management[J]. Viruses, 2018, 10(9): 492.	journal			UNRESOLVED	no explicit DOI/PMID in raw citation block
Potyvirus zeananus	12203	viruses	Jones RAC. (2021). Global Plant Virus Disease Pandemics. Plants	journal			UNRESOLVED	no explicit DOI/PMID in raw citation block
Potyvirus zeatessellati	115232	viruses	Seifers D L, Salomon R, Marie-Jeanne V, et al. Characterization of a novel potyvirus isolated from maize in Israel[J]. Phytopathology, 2000, 90(5): 505-513.	journal			UNRESOLVED	no explicit DOI/PMID in raw citation block
Tenuivirus oryzaclavatae	3052763	viruses	MUNKVOLD G P, WHITE D G. Compendium of Corn Diseases. 4th ed. Saint Paul: The American Phytopathological Society Press, 2016.	book_or_compendium			UNRESOLVED	no explicit DOI/PMID in raw citation block
Tenuivirus zeae	3052767	viruses	Redinbaugh M G, Zambrano J L. Control of virus diseases in maize[J]. Advances in virus research, 2014, 90: 391-429.	journal			UNRESOLVED	no explicit DOI/PMID in raw citation block
Totivirus jyukyu	1756285	viruses	Read D A, Featherston J, Rees D J G, et al. Diversity and distribution of Maize-associated totivirus strains from Tanzania[J]. Virus Genes, 2019, 55(3): 429-432.	journal			UNRESOLVED	no explicit DOI/PMID in raw citation block
Tritimovirus tritici	31741	viruses	Satyanarayana T, Roy F. The C-terminus of Wheat streak mosaic virus Coat Protein Is Involved in Differential Infection of Wheat and Maize through Host-Specific Long-Distance Transport[J]. 2014.	journal			UNRESOLVED	no explicit DOI/PMID in raw citation block
Waikavirus zeae	51354	viruses	Redinbaugh M G, Zambrano J L. Control of virus diseases in maize[J]. Advances in virus research, 2014, 90: 391-429.	journal			UNRESOLVED	no explicit DOI/PMID in raw citation block
Zeavirus zeae	137556	viruses	Louie R, Redinbaugh M G, Gordon D T, et al. Maize necrotic streak virus, a new maize virus with similarity to species of the family Tombusviridae[J]. Plant disease, 2000, 84(10): 1133-1139.	journal			UNRESOLVED	no explicit DOI/PMID in raw citation block
Agroathelia rolfsii (Sclerotium rolfsii, Athelia rolfsii)	39291	fungi	Ahmad Y, Mirza M S, Aslam M. Collar rot of maize caused by Sclerotium rolfsii in Pakistan[J]. Pakistan Journal of Agricultural Research (Pakistan), 1988, 9(4).	journal			UNRESOLVED	no explicit DOI/PMID in raw citation block
Alternaria alternata	5599	fungi	Xu X, Zhang L, Yang X, et al. Alternaria spp. associated with leaf blight of maize in Heilongjiang Province, China[J]. Plant Disease, 2022, 106(2): 572-584.	journal			UNRESOLVED	no explicit DOI/PMID in raw citation block
Alternaria burnsii	1187904	fungi	Xu X, Zhang L, Yang X, et al. Alternaria spp. associated with leaf blight of maize in Heilongjiang Province, China[J]. Plant Disease, 2022, 106(2): 572-584.	journal			UNRESOLVED	no explicit DOI/PMID in raw citation block
Alternaria tenuissima	119927	fungi	Xu X, Zhang L, Yang X, et al. Alternaria spp. associated with leaf blight of maize in Heilongjiang Province, China[J]. Plant Disease, 2022, 106(2): 572-584.	journal			UNRESOLVED	no explicit DOI/PMID in raw citation block
Ascochyta maydis	NOT_VERIFIED	fungi	Stout G L. New fungi found on the Indian corn plant in Illinois[J]. Mycologia, 1930, 22(6): 271-287. | NCBI Taxonomy 未收录 Ascochyta maydis；与 Didymella maydis 非同一物种，TaxID 不可混用	chinese_literature			UNRESOLVED	no explicit DOI/PMID in raw citation block
Ascochyta zeae	NOT_VERIFIED	fungi	Subedi S. A review on important maize diseases and their management in Nepal[J]. Journal of Maize Research and Development, 2015, 1(1): 28-52. | NCBI Taxonomy 未收录 Ascochyta zeae	chinese_literature			UNRESOLVED	no explicit DOI/PMID in raw citation block
Aspergillus flavus	5059	fungi	Klich M A. Aspergillus flavus: the major producer of aflatoxin[J]. Molecular plant pathology, 2007, 8(6): 713-722.	journal			UNRESOLVED	no explicit DOI/PMID in raw citation block
Aspergillus glaucus	41413	fungi	Nnebechukwu I A, Rwang N Y, Ikechi-Nwogu C G, et al. A COMPARATIVE ANALYSIS OF THE ANTIFUNGAL EFFECTS OF YEAST AND BACILLUS SUBTILIS IN THE CONTROL OF BLUE EYE MOLD DISEASE OF MAIZE AND RICE[J]. FUDMA JOURNAL OF SCIENCES, 2024, 8(6): 581-586.	journal			UNRESOLVED	no explicit DOI/PMID in raw citation block
Aspergillus niger	5061	fungi	Goher F, Khan F S, Saeed S, et al. First report of Aspergillus niger causing preharvest ear rot infection of maize in Pakistan[J]. Plant Disease, 2021, 105(1): 228.	journal			UNRESOLVED	no explicit DOI/PMID in raw citation block
Aspergillus parasiticus	5067	fungi	Sivakaame G, Anand T, Paranidharan V, et al. Exploring Bacterial Endophytes as Potential Biocontrol Agents Against Aspergillus parasiticus Colonisation and Aflatoxin Contamination in Maize[J]. Journal of Phytopathology, 2025, 173(4): e70119.	journal			UNRESOLVED	no explicit DOI/PMID in raw citation block
Aspergillus tamarii	41984	fungi	Okoth S, Nyongesa B, Ayugi V, et al. Toxigenic potential of Aspergillus species occurring on maize kernels from two agro-ecological zones in Kenya[J]. Toxins, 2012, 4(11): 991-1007.	journal			UNRESOLVED	no explicit DOI/PMID in raw citation block
Bipolaris maydis (Cochliobolus heterostrophus)	5016	fungi	Bruns H A. Southern corn leaf blight: a story worth retelling[J]. Agronomy Journal, 2017, 109(4): 1218-1224.	journal			UNRESOLVED	no explicit DOI/PMID in raw citation block
Bipolaris sorokiniana (Cochliobolus sativus)	45130	fungi	郭宁,倪璇,石洁,等.玉米麦根腐平脐蠕孢叶斑病的发生与病原鉴定[J].植物病理学报,2017,47(1):1-8.DOI:10.13926/j.cnki.apps.000049.	chinese_literature	10.13926/j.cnki.apps.000049.		RESOLVED	
Bipolaris zeicola (Cochliobolus carbonum)	5017	fungi	Tonukari N J, Scott-Craig J S, Waltonb J D. The Cochliobolus carbonum SNF1 gene is required for cell wall–degrading enzyme expression and virulence on maize[J]. The Plant Cell, 2000, 12(2): 237-247.	journal			UNRESOLVED	no explicit DOI/PMID in raw citation block
Botryosphaeria zeae	NOT_VERIFIED	fungi	Bezuidenhout, Henrietta and Marasas W F O. Botryosphaeria zeae: the cause of grey ear rot of maize (Zea mays) in South Africa[J]. Phytophylactica, 1978, 10(1): 21-24. | NCBI Taxonomy 未收录 Botryosphaeria zeae	chinese_literature			UNRESOLVED	no explicit DOI/PMID in raw citation block
Botrytis cinerea	40559	fungi	Liang Y, Bi K, Sharon A. The Botrytis cinerea transglycosylase BcCrh4 is a cell death‐inducing protein with cell death‐promoting and‐suppressing domains[J]. Plant, cell & environment, 2024, 47(1): 354-371.	journal			UNRESOLVED	no explicit DOI/PMID in raw citation block
Ceratobasidium cereale (Rhizoctonia cerealis)	76351	fungi	Tomaso-Peterson M, Trevathan L E. Characterization of Rhizoctonia-like fungi isolated from agronomic crops and turfgrasses in Mississippi[J]. Plant disease, 2007, 91(3): 260-265.	journal			UNRESOLVED	no explicit DOI/PMID in raw citation block
Ceratocystis paradoxa/Thielaviopsis paradoxa	13001	fungi	Kumari M, Kamat S, Dixit R, et al. Microbial formulation approaches in postharvest disease management[M]//Food security and plant disease management. Woodhead Publishing, 2021: 279-305.	journal			UNRESOLVED	no explicit DOI/PMID in raw citation block
Cercospora sorghi var. maydis	161743	fungi	Crous P W, Groenewald J Z, Groenewald M, et al. Species of Cercospora associated with grey leaf spot of maize[J]. Studies in Mycology, 2006, 55(1): 189-197.	journal			UNRESOLVED	no explicit DOI/PMID in raw citation block
Cercospora zeae-maydis	135779	fungi	Ward J M J, Stromberg E L, Nowell D C, et al. Gray leaf spot: a disease of global importance in maize production[J]. Plant disease, 1999, 83(10): 884-895.	journal			UNRESOLVED	no explicit DOI/PMID in raw citation block
Cercospora zeina	348901	fungi	Liu K J, Xu X D. First report of gray leaf spot of maize caused by Cercospora zeina in China[J]. Plant Disease, 2013, 97(12): 1656-1656.	journal			UNRESOLVED	no explicit DOI/PMID in raw citation block
Cladosporium cladosporioides	29917	fungi	Price J L, Visagie C M, Meyer H, et al. Fungal species and mycotoxins associated with maize ear rots collected from the eastern Cape in South Africa. Toxins (Basel). 2024; 16 (2): 95[EB/OL]. 杜娟,郭洁蓓,胡佳,等.枝孢菌引致的玉米叶枯病研究[J].玉米科学,2025,33(6):115-121.DOI:10.13597/j.cnki.maize.science.20250616.	chinese_literature	10.13597/j.cnki.maize.science.20250616.		RESOLVED	
Cladosporium herbarum	29918	fungi	Crop Protection Network (2019). Cladosporium Ear Rot of Corn.	journal			UNRESOLVED	no explicit DOI/PMID in raw citation block
Claviceps gigantea	89175	fungi	Fuentes S F, De La Isla D L I, Maria De L M D L, et al. Claviceps gigantea, a new pathogen of Maize in Mexico[J]. 1964.	journal			UNRESOLVED	no explicit DOI/PMID in raw citation block
Colletotrichum graminicola /Glomerella graminicola	31870	fungi	Sukno S A, García V M, Shaw B D, et al. Root infection and systemic colonization of maize by Colletotrichum graminicola[J]. Applied and environmental microbiology, 2008, 74(3): 823-832.	journal			UNRESOLVED	no explicit DOI/PMID in raw citation block
Curvularia aeria / Curvularia lunata var. aeria	1203437	fungi	Garhwal P D, Sharma S S, Dahima V, et al. Physiopathological studies, characterization and yield loss assessment of Curvularia leaf spot of maize (Zea mays)[J]. 2022.	journal			UNRESOLVED	no explicit DOI/PMID in raw citation block
Curvularia australiensis	91365	fungi	Chang J Y, Zhang H J, Shi J, et al. First report of Curvularia australiensis causing leaf spot on maize (Zea mays) in China[J]. Plant Disease, 2016, 100(8): 1780-1780.	journal			UNRESOLVED	no explicit DOI/PMID in raw citation block
Curvularia clavata	95742	fungi	Mandokhot A M, Basu Chaudhary K C. A new leaf spot of maize incited by Curvularia clavata[J]. Netherlands Journal of Plant Pathology, 1972, 78(2): 65-68.	journal			UNRESOLVED	no explicit DOI/PMID in raw citation block
Curvularia eragrostidis	418125	fungi	KULKARNI S, WALI M C, HARLAPUR S I, et al. Etiology, prevalence and management of curvularia leaf spot of maize in Karnataka[J]. 2016.	journal			UNRESOLVED	no explicit DOI/PMID in raw citation block
Curvularia geniculata(Cochliobolus geniculatus)	418126	fungi	Manzar N, Kashyap A S, Sharma P K, et al. First report of leaf spot of maize caused by Curvularia geniculata in India[J]. Plant Disease, 2021, 105(12): 4155.	journal			UNRESOLVED	no explicit DOI/PMID in raw citation block
Curvularia inaequalis / Helminthosporium inaequale	38902	fungi	Zhang D, Wang F, Zhao J, et al. Virulence, molecular diversity, and mating type of Curvularia lunata in China[J]. Plant disease, 2019, 103(7): 1728-1737.	journal			UNRESOLVED	no explicit DOI/PMID in raw citation block
Curvularia intermedia / Cochliobolus intermedius	95735	fungi	Zhang D, Wang F, Zhao J, et al. Virulence, molecular diversity, and mating type of Curvularia lunata in China[J]. Plant disease, 2019, 103(7): 1728-1737.	journal			UNRESOLVED	no explicit DOI/PMID in raw citation block
Curvularia lunata (Cochliobolus lunatus)	5503	fungi	Gao S, Li Y, Gao J, et al. Genome sequence and virulence variation-related transcriptome profiles of Curvularia lunata, an important maize pathogenic fungus[J]. BMC genomics, 2014, 15(1): 627.	journal			UNRESOLVED	no explicit DOI/PMID in raw citation block
Curvularia pallescens	318706	fungi	Manzar N, Kashyap A S, Sharma P K, et al. First report of leaf spot on maize caused by Curvularia verruculosa in India[J]. Plant Disease, 2024, 108(3): 793.	journal			UNRESOLVED	no explicit DOI/PMID in raw citation block
Curvularia senegalensis / Brachysporium senegalense	215132	fungi	Zhang D, Wang F, Zhao J, et al. Virulence, molecular diversity, and mating type of Curvularia lunata in China[J]. Plant disease, 2019, 103(7): 1728-1737.	journal			UNRESOLVED	no explicit DOI/PMID in raw citation block
Curvularia tuberculata / Cochliobolus tuberculatus	1056642	fungi	Zhang D, Wang F, Zhao J, et al. Virulence, molecular diversity, and mating type of Curvularia lunata in China[J]. Plant disease, 2019, 103(7): 1728-1737.	journal			UNRESOLVED	no explicit DOI/PMID in raw citation block
Didymella exitialis / Neoascochyta exitialis	487631	fungi	王晓鸣等. 玉米病害和病原名称整理及其汉译名称规范化探讨. 《中国农业科学》,2020.	chinese_literature			UNRESOLVED	no explicit DOI/PMID in raw citation block
Didymella maydis (Phyllosticta maydis)	259522	fungi	Arny D C, Nelson R R. Phyllosticta maydis species nova, the incitant of yellow leaf blight of maize[J]. Phytopathology, 1971, 61(10): 1170-72.	journal			UNRESOLVED	no explicit DOI/PMID in raw citation block
Epicoccum nigrum	105696	fungi	Xu X, Li J, Yang X, et al. Epicoccum spp. causing maize leaf spot in Heilongjiang Province, China[J]. Plant Disease, 2022, 106(12): 3050-3060.	journal			UNRESOLVED	no explicit DOI/PMID in raw citation block
Epicoccum sorghinum/Phoma sorghina	749593	fungi	Do Amaral A L, Dal Soglio F K, De Carli M L, et al. Pathogenic fungi causing symptoms similar to Phaeosphaeria leaf spot of maize in Brazil[J]. Plant disease, 2005, 89(1): 44-49.	journal			UNRESOLVED	no explicit DOI/PMID in raw citation block
Eutiarosporella dactylidis	1608309	fungi	Guo C, Zhang X, Wang B, et al. Identification, pathogenicity, and fungicide sensitivity of Eutiarosporella dactylidis associated with leaf blight on maize in China[J]. Journal of Integrative Agriculture, 2024, 23(3): 888-900.	journal			UNRESOLVED	no explicit DOI/PMID in raw citation block
Exserohilum rostratum (Setosphaeria rostrata)	1659837	fungi	Xie S N, Li B Y, Ru Y Y, et al. First report of Exserohilum rostratum causing leaf spot on maize (Zea mays) in Henan, China[J]. Plant disease, 2022, 106(6): 1748. Leonard K J, Suggs E G. Setosphaeria prolata, the ascigerous state of Exserohilum prolatum[J]. Mycologia, 1974, 66(2): 281-297.	journal			UNRESOLVED	no explicit DOI/PMID in raw citation block
Exserohilum turcicum (Setosphaeria turcica)	93612	fungi	Kotze R G, Van der Merwe C F, Crampton B G, et al. A histological assessment of the infection strategy of Exserohilum turcicum in maize[J]. Plant Pathology, 2019, 68(3): 504-512.	journal			UNRESOLVED	no explicit DOI/PMID in raw citation block
Fusarium acuminatum	5515	fungi	Okello P N, Mathew F M. Cross pathogenicity studies show South Dakota isolates of Fusarium acuminatum, F. equiseti, F. graminearum, F. oxysporum, F. proliferatum, F. solani, and F. subglutinans from either soybean or corn are pathogenic to both crops[J]. Plant Health Progress, 2019, 20(1): 44-49.	journal			UNRESOLVED	no explicit DOI/PMID in raw citation block
Fusarium andiyazi	520446	fungi	Zhang H, Luo W, Pan Y, et al. First report of Fusarium ear rot of maize caused by Fusarium andiyazi in China[J]. Plant disease, 2014, 98(10): 1428-1428.	journal			UNRESOLVED	no explicit DOI/PMID in raw citation block
Fusarium asiaticum	282267	fungi	Xi K, Shan L, Yang Y, et al. Species diversity and chemotypes of Fusarium species associated with maize stalk rot in Yunnan province of southwest China[J]. Frontiers in Microbiology, 2021, 12: 652062.	journal			UNRESOLVED	no explicit DOI/PMID in raw citation block
Fusarium avenaceum	40199	fungi	Ma N, Abdul Haseeb H, Xing F, et al. Fusarium avenaceum: A toxigenic pathogen causing ear rot on maize in yunnan province, China[J]. Plant Dis, 2019, 103(6): 1424.	journal			UNRESOLVED	no explicit DOI/PMID in raw citation block
Fusarium boothii	282271	fungi	Deressa T, Adugna G, Suresh L M, et al. Fusarium boothii, Fusarium meridionale, and Fusarium temperatum are emerging preharvest maize ear rot pathogens in Ethiopia[J]. Plant Disease, 2025, 109(2): 297-307.	journal			UNRESOLVED	no explicit DOI/PMID in raw citation block
Fusarium camptoceras	57143	fungi	Abo-Elyousr K A M, El-Fawy M M, El-Nagar A S, et al. Biochar-based sustainable control of stalk and ear rot in maize caused by Fusarium camptoceras[J]. Journal of Plant Diseases and Protection, 2026, 133(4): 104.	journal			UNRESOLVED	no explicit DOI/PMID in raw citation block
Fusarium cerealis / Fusarium crookwellense	56641	fungi	Pfordt A, Schiwek S, Rathgeb A, et al. Occurrence, pathogenicity, and mycotoxin production of Fusarium temperatum in relation to other Fusarium species on maize in Germany[J]. Pathogens, 2020, 9(11): 864.	journal			UNRESOLVED	no explicit DOI/PMID in raw citation block
Fusarium chlamydosporum	86545	fungi	Shabana Y M, Ghoneem K M, Rashad Y M, et al. Distribution and biodiversity of seed-borne pathogenic and toxigenic fungi of maize in Egypt and their correlations with weather variables. Plants 11 (18): 2347[EB/OL].(2022) Morales-Rodríguez I, de Yañz-Morales M J, Silva-Rojas H V, et al. Biodiversity of Fusarium species in Mexico associated with ear rot in maize, and their identification using a phylogenetic approach[J]. Mycopathologia, 2007, 163(1): 31-39.	journal			UNRESOLVED	no explicit DOI/PMID in raw citation block
Fusarium concentricum	48491	fungi	Du Q, Duan C X, Li S C, et al. First report of maize ear rot caused by Fusarium concentricum in China[J]. Plant Disease, 2020, 104(5): 1539.	journal			UNRESOLVED	no explicit DOI/PMID in raw citation block
Fusarium culmorum	5516	fungi	Xia L K, Cao Y Y, Wang J, et al. First report of Fusarium culmorum causing maize stalk rot in China[J]. Plant Disease, 2022, 106(5): 1521.	journal			UNRESOLVED	no explicit DOI/PMID in raw citation block
Fusarium equiseti	61235	fungi	Swamy S D, Mahadevakumar S, Hemareddy H B, et al. First report of Fusarium equiseti–the incitant of post flowering stalkrot of maize (Zea mays L.) in India[J]. Crop Protection, 2020, 129: 105035.	journal			UNRESOLVED	no explicit DOI/PMID in raw citation block
Fusarium globosum	78864	fungi	Moses L M, Marasas W F O, Vismer H F, et al. Molecular characterization of Fusarium globosum strains from South African maize and Japanese wheat[J]. Mycopathologia, 2010, 170(4): 237-249.	journal			UNRESOLVED	no explicit DOI/PMID in raw citation block
Fusarium graminearum (Gibberella zeae)	5518	fungi	Munkvold GP, Desjardins AE. (1997). Fumonisins in maize: can we reduce their occurrence? Plant Dis. 81:556-565	journal			UNRESOLVED	no explicit DOI/PMID in raw citation block
Fusarium incarnatum (F. semitectum)	298378	fungi	Xi K, Shan L, Yang Y, et al. Species diversity and chemotypes of Fusarium species associated with maize stalk rot in Yunnan province of southwest China[J]. Frontiers in Microbiology, 2021, 12: 652062.	journal			UNRESOLVED	no explicit DOI/PMID in raw citation block
Fusarium kyushuense	56665	fungi	Wang J H, Li H P, Zhang J B, et al. First report of Fusarium maize ear rot caused by Fusarium kyushuense in China[J]. Plant disease, 2014, 98(2): 279-279.	journal			UNRESOLVED	no explicit DOI/PMID in raw citation block
Fusarium meridionale	282269	fungi	Xi K, Shan L, Yang Y, et al. Species diversity and chemotypes of Fusarium species associated with maize stalk rot in Yunnan province of southwest China[J]. Frontiers in Microbiology, 2021, 12: 652062.	journal			UNRESOLVED	no explicit DOI/PMID in raw citation block
Fusarium napiforme	42672	fungi	Morales-Rodríguez I, de Yañz-Morales M J, Silva-Rojas H V, et al. Biodiversity of Fusarium species in Mexico associated with ear rot in maize, and their identification using a phylogenetic approach[J]. Mycopathologia, 2007, 163(1): 31-39.	journal			UNRESOLVED	no explicit DOI/PMID in raw citation block
Fusarium oxysporum	5507	fungi	Okello P N, Petrović K, Kontz B, et al. Eight species of Fusarium cause root rot of corn (Zea mays) in South Dakota[J]. Plant Health Progress, 2019, 20(1): 38-43.	journal			UNRESOLVED	no explicit DOI/PMID in raw citation block
Fusarium poae	36050	fungi	Chelkowski J, Lew H, Pettersson H. Fusarium poae (Peck) Wollenw.—Occurrence in maize ears, nivalenol production and mycotoxin accumulation in cobs[J]. Mycotoxin Research, 1994, 10(2): 116-120.	journal			UNRESOLVED	no explicit DOI/PMID in raw citation block
Fusarium proliferatum	948311	fungi	Munkvold GP, Desjardins AE. (1997). Fumonisins in maize: can we reduce their occurrence? Plant Dis. 81:556-565	journal			UNRESOLVED	no explicit DOI/PMID in raw citation block
Fusarium pseudograminearum	101028	fungi	Jiang H, Ma L G, Qi K, et al. First report of maize seedling blight caused by Fusarium pseudograminearum in China[J]. Plant disease, 2022, 106(9): 2519.	journal			UNRESOLVED	no explicit DOI/PMID in raw citation block
Fusarium pseudonygamai	47755	fungi	Chehri K, Zafari D, Nurhazrati M, et al. Natural occurrence of Fusarium species associated with root and stalk rot of maize in Kermanshah Province, Iran[J]. 2010.	journal			UNRESOLVED	no explicit DOI/PMID in raw citation block
Fusarium sacchari	42676	fungi	Carrer Filho R, Guimarães M, Abreu V P, et al. Fusarium sacchari associated with stem rot in sweet corn in Brazil[J]. Pesquisa Agropecuária Tropical, 2023, 53: e74263.	journal			UNRESOLVED	no explicit DOI/PMID in raw citation block
Fusarium solani (Neocosmospora solani)	169388	fungi	Okello P N, Mathew F M. Cross pathogenicity studies show South Dakota isolates of Fusarium acuminatum, F. equiseti, F. graminearum, F. oxysporum, F. proliferatum, F. solani, and F. subglutinans from either soybean or corn are pathogenic to both crops[J]. Plant Health Progress, 2019, 20(1): 44-49.	journal			UNRESOLVED	no explicit DOI/PMID in raw citation block
Fusarium sporotrichioides	5514	fungi	Wang B B, Guo C, Sun S L, et al. First report of maize ear rot caused by Fusarium sporotrichioides in China[J]. Plant Disease, 2020, 104(2): 567.	journal			UNRESOLVED	no explicit DOI/PMID in raw citation block
Fusarium subglutinans	42677	fungi	Munkvold GP, Desjardins AE. (1997). Fumonisins in maize: can we reduce their occurrence? Plant Dis. 81:556-565	journal			UNRESOLVED	no explicit DOI/PMID in raw citation block
Fusarium temperatum	1035347	fungi	Fumero M V, Reynoso M M, Chulze S. Fusarium temperatum and Fusarium subglutinans isolated from maize in Argentina[J]. International Journal of Food Microbiology, 2015, 199: 86-92.	journal			UNRESOLVED	no explicit DOI/PMID in raw citation block
Fusarium tricinctum	61284	fungi	Yang X, Xu X, Wang S, et al. Identification, pathogenicity, and genetic diversity of Fusarium spp. associated with maize sheath rot in Heilongjiang Province, China[J]. International journal of molecular sciences, 2022, 23(18): 10821.	journal			UNRESOLVED	no explicit DOI/PMID in raw citation block
Fusarium verticillioides (Gibberella moniliformis)	117187	fungi	Munkvold GP, Desjardins AE. (1997). Fumonisins in maize: can we reduce their occurrence? Plant Dis. 81:556-565	journal			UNRESOLVED	no explicit DOI/PMID in raw citation block
Gaeumannomyces graminis	29850	fungi	Freeman J, Ward E. Gaeumannomyces graminis, the take‐all fungus and its relatives[J]. Molecular Plant Pathology, 2004, 5(4): 235-252.	journal			UNRESOLVED	no explicit DOI/PMID in raw citation block
Gibberella fujikuroi (Fusarium fujikuroi)	5127	fungi	O'Donnell K, Cigelnik E, Nirenberg H I. Molecular systematics and phylogeography of the Gibberella fujikuroi species complex[J]. Mycologia, 1998, 90(3): 465-493.	journal			UNRESOLVED	no explicit DOI/PMID in raw citation block
Gloeocercospora sorghi / Microdochium sorghi	1682391	fungi	Velazquez P D. Microdochium sorghi on sorghum in northwestern Entre Ríos, Argentina[J]. 2024.	journal			UNRESOLVED	no explicit DOI/PMID in raw citation block
Gonatobotrys simplex	2713053	fungi	Vakili N G. Mycoparasitic fungi associated with potential stalk rot pathogens of corn[J]. Phytopathology, 1985, 75(11): 1201-1207.	journal			UNRESOLVED	no explicit DOI/PMID in raw citation block
Graphium penicillioides	67620	fungi	Smith D R, White D G. Diseases of corn[J]. Corn and corn improvement, 1988, 18: 687-766.	journal			UNRESOLVED	no explicit DOI/PMID in raw citation block
Harpophora maydis (Cephalosporium maydis/Magnaporthiopsis maydis)	80373	fungi	Samra A S, Sabet K A, Hingorani M K. Late wilt disease of Maize caused by Cephalosporium maydis[J]. 1963.	journal			UNRESOLVED	no explicit DOI/PMID in raw citation block
Helminthosporium hawaiiensis / Curvularia hawaiiensis	1230527	fungi	Suzui T, Kamphangridthrong T. The prevalence of maize and soybean diseases in Thailand[J]. 1979.	journal			UNRESOLVED	no explicit DOI/PMID in raw citation block
Helminthosporium pedicellatum/Exserohilum pedicellatum	119929	fungi	Egunjobi O L A, Norton D C, Martinson C. Interaction of pra tylenchus scribneri and helminthosporium pedicellatum in the etiology of corn root rot[J]. Phytoparasitica, 1986, 14(4): 287-295. Isakeit T, Gao X, Kolomiets M. Exserohilum pedicellatum root rot of corn in Texas[J]. Plant Disease, 2007, 91(5): 634-634.	journal			UNRESOLVED	no explicit DOI/PMID in raw citation block
Helminthosporium tetramera / Curvularia spicifera/Bipolaris spicifera	145392	fungi	Li G F, Liu K X, Xiao S Q, et al. First report of leaf spot of maize (Zea mays) caused by Bipolaris spicifera in China[J]. Plant Disease, 2016, 100(4): 855-855.	journal			UNRESOLVED	no explicit DOI/PMID in raw citation block
Hyalothyridium maydis / Orphanocoela maydis	NOT_VERIFIED	fungi	Latterell, F. M., & Rossi, A. E. 1984. A new species of Hyalothyridium associated with a leaf spot of maize in Latin America. Mycologia 76(3): 506–514. | NCBI Taxonomy 未收录 Orphanocoela/Hyalothyridium maydis	chinese_literature			UNRESOLVED	no explicit DOI/PMID in raw citation block
Kabatiella zeae (Aureobasidium zeae)	1592451	fungi	Chen N, Xiao S, Sun J, et al. Virulence and molecular diversity in the Kabatiella zeae population causing maize eyespot in China[J]. Plant disease, 2020, 104(12): 3197-3206.	journal			UNRESOLVED	no explicit DOI/PMID in raw citation block
Lasiodiplodia theobromae / Botryodiplodia tubericola	45133	fungi	Ma H X, Zhang H J, Shi J, et al. First report of Lasiodiplodia theobromae causing maize ear rot in Hainan Province in Southern China[J]. Plant Disease, 2016, 100(10): 2160.	journal			UNRESOLVED	no explicit DOI/PMID in raw citation block
Leptosphaeria multiseptata / Entodesmium multiseptatum	NOT_VERIFIED	fungi	MCGEE D C. Maize Diseases. Saint Paul: The American Phytopathological Society Press, 1988. 王晓鸣等. 玉米病害和病原名称整理及其汉译名称规范化探讨. 《中国农业科学》,2020. | NCBI Taxonomy 未收录 Leptosphaeria/Entodesmium multiseptata	chinese_literature			UNRESOLVED	no explicit DOI/PMID in raw citation block
Leptosphaeria variiseptata / Phaeosphaeria variiseptata	NOT_VERIFIED	fungi	MUNKVOLD G P, WHITE D G. Compendium of Corn Diseases. 4th ed. Saint Paul: The American Phytopathological Society Press, 2016. | NCBI Taxonomy 未收录 Leptosphaeria/Phaeosphaeria variiseptata	book_or_compendium; chinese_literature			UNRESOLVED	no explicit DOI/PMID in raw citation block
Leptosphaerulina australis	318710	fungi	Liu Y, Wu S, Li X, et al. Occurrence of maize leaf spot disease caused by Leptosphaerulina australis in Yunnan, China[J]. Plant Disease, 2024, 108(11): 3407.	journal			UNRESOLVED	no explicit DOI/PMID in raw citation block
Macrophomina phaseolina	35725	fungi	Marquez N, Giachero M L, Declerck S, et al. Macrophomina phaseolina: General characteristics of pathogenicity and methods of control[J]. Frontiers in plant science, 2021, 12: 634397.	journal			UNRESOLVED	no explicit DOI/PMID in raw citation block
Marasmiellus inoderma	3021703	fungi	Sabet K A, Ashour W A, Samra A S, et al. Root-rot of maize caused by Marasmiellus inoderma[J]. Transactions of the British Mycological Society, 1970, 54(1): 123-IN15.	journal			UNRESOLVED	no explicit DOI/PMID in raw citation block
Marasmius graminum var. brevispora / Marasmius graminum	160937	fungi	PONT W. STUDIES ON ROOT ROT AND STALK ROT OF MAIZE IN NORTH QUEENSLAND CAUSED BY MARASMIUS SACCHARI WAKKER VAR.. HAW AIIENSIS COBB AND[J]. Queensland Journal of Agricultural and Animal Sciences, 1973, 30: 3.	journal			UNRESOLVED	no explicit DOI/PMID in raw citation block
Marasmius sacchari var. hawaiiensis / Marasmius sacchar	2075139	fungi	PONT W. STUDIES ON ROOT ROT AND STALK ROT OF MAIZE IN NORTH QUEENSLAND CAUSED BY MARASMIUS SACCHARI WAKKER VAR.. HAW AIIENSIS COBB AND[J]. Queensland Journal of Agricultural and Animal Sciences, 1973, 30: 3.	journal			UNRESOLVED	no explicit DOI/PMID in raw citation block
Microdochium bolleyi	196109	fungi	Stojkov S. The study of Microdochium bolleyi (Sprague) De Hoog and Hermandies-Nijof the fungus causing root rot of maize[J]. 1993.	journal			UNRESOLVED	no explicit DOI/PMID in raw citation block
Microdochium seminicola	1682390	fungi	Ferreira L C, de Moura V A S, Resende Jr M F R, et al. Pathobiome Analyses Reveal Structural Changes in Maize Microbiomes Associated with Phyllachora maydis and Tar Spot Disease[J]. Phytobiomes Journal, 2025, 9(4): 620-635.	journal			UNRESOLVED	no explicit DOI/PMID in raw citation block
Monographella maydis/Microdochium maydis	NOT_VERIFIED	fungi	Müller E, Samuels G J. Monographella maydis sp. nov. and its connection to the tar-spot disease of Zea mays[J]. 1984. | NCBI Taxonomy 未收录 Microdochium/Monographella maydis	chinese_literature			UNRESOLVED	no explicit DOI/PMID in raw citation block
Mucor circinelloides	36080	fungi	Purwantisari S, Nurbayani F A, Safina M F I, et al. Antagonistic activity of Trichoderma harzianum against Aspergillus parasiticus and Mucor circinelloides in corn plant (Zea mays L.)[J]. PLANTA TROPIKA, 2025, 13(1): 38-51.	journal			UNRESOLVED	no explicit DOI/PMID in raw citation block
Mycosarcoma maydis (Ustilago maydis)	5270	fungi	Kämper J, Kahmann R, Bölker M, et al. Insights from the genome of the biotrophic fungal plant pathogen Ustilago maydis[J]. Nature, 2006, 444(7115): 97-101.	journal			UNRESOLVED	no explicit DOI/PMID in raw citation block
Nigrospora oryzae (Khuskia oryzae)	335854	fungi	Balendres M A, Calabon M, Cortes A, et al. Nigrospora[M]//Compendium of Phytopathogenic Microbes in Agro-Ecology: Vol. 1 Fungi. Cham: Springer Nature Switzerland, 2025: 503-529.	book_or_compendium			UNRESOLVED	no explicit DOI/PMID in raw citation block
Paraphaeosphaeria michotii / Sphaeria michotii	125373	fungi	Ferreira L C, de Moura V A S, Resende Jr M F R, et al. Pathobiome Analyses Reveal Structural Changes in Maize Microbiomes Associated with Phyllachora maydis and Tar Spot Disease[J]. Phytobiomes Journal, 2025, 9(4): 620-635.	journal			UNRESOLVED	no explicit DOI/PMID in raw citation block
Penicillium chrysogenum	5076	fungi	Hill P. 1972. The Production of Penicillins in Soils and Seeds by Penicillium chrysogenum and the Role of Penicillin β-Lactamase in the Ecology of Soil Bacillus. Journal of General Microbiology, 70: 243–252.	journal			UNRESOLVED	no explicit DOI/PMID in raw citation block
Penicillium cyclopium	60167	fungi	Keromnes J, Thouvenot D. Role of penicillic acid in the phytotoxicity of Penicillium cyclopium and Penicillium canescens to the germination of corn seeds[J]. Applied and environmental microbiology, 1985, 49(3): 660-663. Ekwomadu T I, Gopane R E, Mwanza M. Occurrence of filamentous fungi in maize destined for human consumption in South Africa[J]. Food science & nutrition, 2018, 6(4): 884-890.	journal			UNRESOLVED	no explicit DOI/PMID in raw citation block
Penicillium funiculosum / Talaromyces funiculosus	28572	fungi	Liu S, Wang J, Guo N, et al. Talaromyces funiculosus, a novel causal agent of maize ear rot and its sensitivity to fungicides[J]. Plant disease, 2021, 105(12): 3978-3984.	journal			UNRESOLVED	no explicit DOI/PMID in raw citation block
Penicillium oxalicum	69781	fungi	Han J X, Zhang S L, Shi X C, et al. First report of Penicillium oxalicum causing leaf blight on maize in China[J]. Plant Disease, 2023, 107(8): 2554.	journal			UNRESOLVED	no explicit DOI/PMID in raw citation block
Penicillium verrucosum	60171	fungi	Wawrzyniak J, Waśkiewicz A. Ochratoxin A and citrinin production by Penicillium verrucosum on cereal solid substrates[J]. Food Additives & Contaminants: Part A, 2014, 31(1): 139-148.	journal			UNRESOLVED	no explicit DOI/PMID in raw citation block
Phaeocytostroma ambiguum	935936	fungi	Kimtai D K, Schmidt C, Matthiesen R L, et al. Pathogenicity and fungicide sensitivity of Phaeocytostroma ambiguum, a fungal species recovered from the crowns of corn plants[J]. Plant Disease, 2026 (ja).	journal			UNRESOLVED	no explicit DOI/PMID in raw citation block
Phaeosphaeria herpotricha / Ophiosphaerella herpotricha	33175	fungi	MCGEE D C. Maize Diseases. Saint Paul: The American Phytopathological Society Press, 1988. 王晓鸣等. 玉米病害和病原名称整理及其汉译名称规范化探讨. 《中国农业科学》,2020.	chinese_literature			UNRESOLVED	no explicit DOI/PMID in raw citation block
Phaeosphaeria maydis	NOT_VERIFIED	fungi	Jibril S M, Hu Y, Yang K, et al. Microbiome Analysis of Area in Proximity to White Spot Lesions Reveals More Harmful Plant Pathogens in Maize[J]. Biomolecules, 2025, 15(2): 252. Gonçalves R M, Figueiredo J E F, Pedro E S, et al. Etiology of Phaeosphaeria leaf spot disease of maize[J]. Journal of Plant Pathology, 2013: 559-569. Carson M L. Yield loss potential of Phaeosphaeria leaf spot of maize caused by Phaeosphaeria maydis in the United States[J]. Plant disease, 2005, 89(9): 986-988. | NCBI Taxonomy 未收录 Phaeosphaeria maydis	chinese_literature			UNRESOLVED	no explicit DOI/PMID in raw citation block
Phialophora radicicola / Gaeumannomyces radicicola	1577605	fungi	McKeen W E. Phialophora radicicola Cain, a corn rootrot pathogen[J]. Canadian Journal of Botany, 1952, 30(3): 344-347.	journal			UNRESOLVED	no explicit DOI/PMID in raw citation block
Phyllachora maydis	1825666	fungi	Solórzano J E, Cruz C D, Arenz B E, et al. Tar spot of corn: A diagnostic and methods guide[J]. Plant Health Progress, 2023, 24(1): 117-122.	journal			UNRESOLVED	no explicit DOI/PMID in raw citation block
Physoderma maydis	276838	fungi	Robertson A E, Jesse L, Munkvold G, et al. Physoderma brown spot and stalk rot of corn caused by Physoderma maydis in Iowa[J]. Plant Health Progress, 2015, 16(2): 90-92.	journal			UNRESOLVED	no explicit DOI/PMID in raw citation block
Physopella pallescens / Phakopsora pallescens	NOT_VERIFIED	fungi	NYVALL R F. Field Crop Diseases. 3rd ed. Ames: Iowa State University Press, 1999 | NCBI Taxonomy 未收录 Phakopsora/Physopella pallescens	book_or_compendium; chinese_literature			UNRESOLVED	no explicit DOI/PMID in raw citation block
Physopella zeae	NOT_VERIFIED	fungi	Nihei T H, Ferreira J M. Diallel analysis of maize inbred lines with emphasis on resistance to leaf diseases[J]. Pesquisa Agropecuária Brasileira, 2012, 47: 369-377. | NCBI Taxonomy 未收录 Phakopsora/Physopella zeae	chinese_literature			UNRESOLVED	no explicit DOI/PMID in raw citation block
Puccinia polysora	684837	fungi	Sun Q, Li L, Guo F, et al. Southern corn rust caused by Puccinia polysor a Underw: a review[J]. Phytopathology Research, 2021, 3(1): 25.	journal			UNRESOLVED	no explicit DOI/PMID in raw citation block
Puccinia sorghi	27349	fungi	Olukolu B A, Tracy W F, Wisser R, et al. A genome-wide association study for partial resistance to maize common rust[J]. Phytopathology, 2016, 106(7): 745-751.	journal			UNRESOLVED	no explicit DOI/PMID in raw citation block
Pyricularia oryzae (Magnaporthe oryzae)	318829	fungi	Pordel A, Ravel S, Charriat F, et al. Tracing the origin and evolutionary history of Pyricularia oryzae infecting maize and barnyard grass[J]. Phytopathology®, 2021, 111(1): 128-136.	journal			UNRESOLVED	no explicit DOI/PMID in raw citation block
Rhizoctonia solani (Thanatephorus cucumeris)	456999	fungi	Pascual, Toda, Raymondo, et al. Characterization by conventional techniques and PCR of Rhizoctonia solani isolates causing banded leaf sheath blight in maize[J]. Plant Pathology, 2000, 49(1): 108-118.	journal			UNRESOLVED	no explicit DOI/PMID in raw citation block
Rhizopus arrhizus	64495	fungi	Morales-Barron B M, Larios-Serrato V, Morales-García Y E, et al. Effect of Pseudomonas protegens EMM-1 Against Rhizopus oryzae in Interactions with Mexican Autochthonous Red Maize[J]. Life, 2025, 15(4): 554.	journal			UNRESOLVED	no explicit DOI/PMID in raw citation block
Rhizopus stolonifer	4846	fungi	Pscheidt JW, Ocamb CM. Corn (Zea mays)—Ear Rots. Pacific Northwest Plant Disease Management Handbook.	journal			UNRESOLVED	no explicit DOI/PMID in raw citation block
Sarocladium strictum (Acremonium strictum)	5046	fungi	Tagne A, Neergaard E, Hansen H J, et al. Studies of host—pathogen interaction between maize and Acremonium strictum from Cameroon[J]. European Journal of Plant Pathology, 2002, 108(2): 93-102.	journal			UNRESOLVED	no explicit DOI/PMID in raw citation block
Sarocladium zeae/Acremonium zeae	1036732	fungi	Harish J, Prasannakumar M K, Venkateshbabu G, et al. Molecular and genomic insights into the pathogenicity of Sarocladium zeae causing maize stalk rot disease[J]. Microbiological Research, 2025, 296: 128146.	journal			UNRESOLVED	no explicit DOI/PMID in raw citation block
Septoria maydis	NOT_VERIFIED	fungi	CIMMYT Maize Program. Maize Diseases: A Guide for Field Identification. 4th ed. Mexico, D.F.: International Maize and Wheat Improvement Center (CIMMYT). 119 pp.2004. | NCBI Taxonomy 未收录 Septoria maydis	chinese_literature			UNRESOLVED	no explicit DOI/PMID in raw citation block
Septoria zeina/Septoria zeae	NOT_VERIFIED	fungi	QI P K, BAI J K, ZHU G X. Fungal Diseases of Cultured Plants of Jilin. Beijing: Science Press, 1966. (in Chinese) | NCBI Taxonomy 未收录 Septoria zeina (不同于 Cercospora zeina)	book_or_compendium; chinese_literature			UNRESOLVED	no explicit DOI/PMID in raw citation block
Setophoma terrestris (Phoma terrestris/Pyrenochaeta terrestris )	798162	fungi	Yoshida N. Seasonal dynamics of the pink root fungus (Setophoma terrestris) in rhizosphere soil: Effect of crop species and rotation[J]. Plant Pathology, 2022, 71(2): 361-372.	journal			UNRESOLVED	no explicit DOI/PMID in raw citation block
Sporisorium reilianum (Sphacelotheca reiliana)	72558	fungi	Ghareeb H, Becker A, Iven T, et al. Sporisorium reilianum infection changes inflorescence and branching architectures of maize[J]. Plant physiology, 2011, 156(4): 2037-2052.	journal			UNRESOLVED	no explicit DOI/PMID in raw citation block
Stenocarpella macrospora	371126	fungi	| McGee DC. (1988). Maize diseases: a reference source for seed technologists.	journal			UNRESOLVED	no explicit DOI/PMID in raw citation block
Stenocarpella maydis (Diplodia maydis)	238245	fungi	Wicklow D T, Rogers K D, Dowd P F, et al. Bioactive metabolites from Stenocarpella maydis, a stalk and ear rot pathogen of maize[J]. Fungal biology, 2011, 115(2): 133-142.	journal			UNRESOLVED	no explicit DOI/PMID in raw citation block
Talaromyces radicus	228353	fungi	王晓鸣, 王振营. 中国玉米病虫草害图鉴. 北京: 中国农业出版社, 2018. WANG X M, WANG Z Y. Illustrated Handbook of Maize Diseases, Insect Pests and Weeds in China. Beijing: China Agriculture Press, 2018. (in Chinese)	book_or_compendium; chinese_literature			UNRESOLVED	no explicit DOI/PMID in raw citation block
Trichoderma afroharzianum	1567482	fungi	Harish J, Prasannakumar M K, Karan R, et al. Trichoderma spp. as a novel pathogen for maize post-flowering stalk rot in India[J]. Crop Protection, 2025, 195: 107255.	journal			UNRESOLVED	no explicit DOI/PMID in raw citation block
Trichoderma asperellum	101201	fungi	Wang W, Xiao S, Que F, et al. Maize Knows Friends or Foes? The Dark Side of Trichoderma asperellum as a Maize Ear Rot Pathogenic Fungus[J]. Plant Biotechnology Journal, 2026, 24(4): 2701-2703.	journal			UNRESOLVED	no explicit DOI/PMID in raw citation block
Trichoderma hamatum	49224	fungi	McFadden A G, Sutton J C. Relationships of populations of Trichoderma spp. in soil to disease in maize[J]. Canadian journal of plant science, 1975, 55(2): 579-586. Sobowale A A, Odebode A C, Cardwell K F, et al. Antagonistic potential of Trichoderma longibrachiatum and T. hamatum resident on maize (Zea mays) plant against Fusarium verticillioides (Nirenberg) isolated from rotting maize stem[J]. Archives of Phytopathology and Plant protection, 2010, 43(8): 744-753.	journal			UNRESOLVED	no explicit DOI/PMID in raw citation block
Trichoderma harzianum	5544	fungi	Harish J, Prasannakumar M K, Karan R, et al. Trichoderma spp. as a novel pathogen for maize post-flowering stalk rot in India[J]. Crop Protection, 2025, 195: 107255.	journal			UNRESOLVED	no explicit DOI/PMID in raw citation block
Trichoderma koningii	97093	fungi	SUTTON J C. Trichoderma koningii as a parasite of maize seedlings[J]. Canadian journal of plant science, 1972, 52(6): 1037-1042.	journal			UNRESOLVED	no explicit DOI/PMID in raw citation block
Trichoderma roseum /Trichothecium roseum	47278	fungi	Xue C S, Xu J N, Sun J Y, et al. First report of Trichothecium roseum causing maize (Zea mays) ear rot in Northern China[J]. Plant Disease, 2016, 100(11): 2324-2324.	journal			UNRESOLVED	no explicit DOI/PMID in raw citation block
Trichoderma viride	5547	fungi	Robertson, A. 2004. Corn Ear Rots. Iowa State University IPM.IC-492(21) [October 4, 2004] Available at https://lib.dr.iastate.edu/cgi/viewcontent.cgi?referer=https://www.google.com/&httpsredir=1&article=2505&context=cropnews [URL verified 3/28/2019].	journal			UNRESOLVED	no explicit DOI/PMID in raw citation block
Ustilaginoidea virens	1159556	fungi	Gohel N M, Patil R K, Pandey R N, et al. A NEW REPORT ON OCCURRENCE OF FALSE HEAD SMUT [USTILAGINOIDEA VIRENS (COOKE) TAKAHASHI] OF MAIZE (ZEA MAYS L.) FROM GUJARAT, INDIA[J]. Bioscan (Suppl Plant Pathol), 2014, 9(3): 1147-1149.	journal			UNRESOLVED	no explicit DOI/PMID in raw citation block
Waitea zeae (Rhizoctonia zeae)	49569	fungi	Gambhir N, Kodati S, Adesemoye A O, et al. Fungicide Sensitivity and Nontarget Site Resistance in Rhizoctonia zeae Isolates Collected from Corn and Soybean Fields in Nebraska[J]. Plant Disease, 2025, 109(1): 217-227.	journal			UNRESOLVED	no explicit DOI/PMID in raw citation block
Xepiculopsis graminea/Myrothecium gramineum	226117	fungi	NYVALL R F. Field Crop Diseases. 3rd ed. Ames: Iowa State University Press, 1999.	book_or_compendium			UNRESOLVED	no explicit DOI/PMID in raw citation block
Globisporangium irregulare (Pythium irregulare)	36331	oomycetes	Munkvold G P, White D G. Compendium of corn diseases[M]. 2016. 王晓鸣等. 玉米病害和病原名称整理及其汉译名称规范化探讨. 《中国农业科学》,2022.	book_or_compendium; chinese_literature			UNRESOLVED	no explicit DOI/PMID in raw citation block
Globisporangium rostratum (Pythium rostratum )	2711123	oomycetes	Munkvold G P, White D G. Compendium of corn diseases[M]. 2016. 王晓鸣等. 玉米病害和病原名称整理及其汉译名称规范化探讨. 《中国农业科学》,2023.	book_or_compendium; chinese_literature			UNRESOLVED	no explicit DOI/PMID in raw citation block
Peronosclerospora heteropogonis	467162	oomycetes	MATHUR K, TRIVEDI A, RATHORE R S. Assessment of losses caused by Peronosclerospora heteropogoni, incitant of downy mildew of Maize[J]. 2006.	journal			UNRESOLVED	no explicit DOI/PMID in raw citation block
Peronosclerospora maydis	886949	oomycetes	Ramsey M D, Jones D R. Peronosclerospora maydis found on maize, sweetcorn and plume sorghum in Far North Queensland[J]. Plant pathology, 1988, 37(4): 581-587.	journal			UNRESOLVED	no explicit DOI/PMID in raw citation block
Peronosclerospora miscanthi	1081076	oomycetes	Crouch J A, Davis W J, Shishkoff N, et al. Peronosporaceae species causing downy mildew diseases of Poaceae, including nomenclature revisions and diagnostic resources[J]. Fungal Systematics and Evolution, 2022, 9(1): 43-86.	journal			UNRESOLVED	no explicit DOI/PMID in raw citation block
Peronosclerospora philippinensis	886948	oomycetes	Telle S, Shivas R G, Ryley M J, et al. Molecular phylogenetic analysis of Peronosclerospora (Oomycetes) reveals cryptic species and genetically distinct species parasitic to maize[J]. European Journal of Plant Pathology, 2011, 130(4): 521-528.	journal			UNRESOLVED	no explicit DOI/PMID in raw citation block
Peronosclerospora sacchari	467161	oomycetes	Yao C, Magill C W, Frederiksen R A, et al. Detection and identification of Peronosclerospora sacchari in maize by DNA hybridization[J]. Phytopathology, 1991, 81(8): 901-905.	journal			UNRESOLVED	no explicit DOI/PMID in raw citation block
Peronosclerospora sorghi	230839	oomycetes	Adenle V O, Cardwell K F. Seed transmission of maize downy mildew (Peronosclerospora sorghi) in Nigeria[J]. Plant pathology, 2000, 49(5): 628-634.	journal			UNRESOLVED	no explicit DOI/PMID in raw citation block
Peronosclerospora spontanea	NOT_VERIFIED	oomycetes	Crouch J A, Davis W J, Shishkoff N, et al. Peronosporaceae species causing downy mildew diseases of Poaceae, including nomenclature revisions and diagnostic resources[J]. Fungal Systematics and Evolution, 2022, 9(1): 43-86. | NCBI Taxonomy 未收录 Peronosclerospora spontanea	chinese_literature			UNRESOLVED	no explicit DOI/PMID in raw citation block
Pythium acanthicum	65069	oomycetes	Munkvold G P, White D G. Compendium of corn diseases[M]. 2016. 王晓鸣等. 玉米病害和病原名称整理及其汉译名称规范化探讨. 《中国农业科学》,2020.	book_or_compendium; chinese_literature			UNRESOLVED	no explicit DOI/PMID in raw citation block
Pythium adhaerens	289596	oomycetes	Munkvold G P, White D G. Compendium of corn diseases[M]. 2016. 王晓鸣等. 玉米病害和病原名称整理及其汉译名称规范化探讨. 《中国农业科学》,2021.	book_or_compendium; chinese_literature			UNRESOLVED	no explicit DOI/PMID in raw citation block
Pythium angustatum	289598	oomycetes	Irwin J, Singh S, Kochman J, et al. Pathogen risks associated with bulk maize imports to australia from the United States of America[J]. A report by technical working group, 1999, 1.	journal			UNRESOLVED	no explicit DOI/PMID in raw citation block
Pythium aphanidermatum	65070	oomycetes	Bickel J T, Koehler A M. Review of Pythium species causing damping-off in corn[J]. Plant Health Progress, 2021, 22(3): 219-225.	journal			UNRESOLVED	no explicit DOI/PMID in raw citation block
Pythium aristosporum	140044	oomycetes	Hou M, Cao Y, Zhang X, et al. Genome-wide association study of maize resistance to Pythium aristosporum stalk rot[J]. Frontiers in Plant Science, 2023, 14: 1239635.	journal			UNRESOLVED	no explicit DOI/PMID in raw citation block
Pythium arrhenomanes	82932	oomycetes	Deep I W, Lipps P E. Recovery of Pythium arrhenomanes and its virulence to corn[J]. Crop Protection, 1996, 15(1): 85-90.	journal			UNRESOLVED	no explicit DOI/PMID in raw citation block
Pythium debaryanum /Globisporangium debaryanum	231958	oomycetes	Foley D C. Resistance to Pythium debaryanum in Zea mays seedlings[C]//Proceedings of the Iowa Academy of Science. 1980, 87(4): 134-138. Bickel J T, Koehler A M. Review of Pythium species causing damping-off in corn[J]. Plant Health Progress, 2021, 22(3): 219-225.	journal			UNRESOLVED	no explicit DOI/PMID in raw citation block
Pythium graminicola	82937	oomycetes	Erwin D C, Cameron J W. Susceptibility of five Sweet Com varieties to Pythium graminicola[J]. 1957.	journal			UNRESOLVED	no explicit DOI/PMID in raw citation block
Pythium helicoides / Phytopythium helicoides	126844	oomycetes	Xie X Y, Zhou H Z, Fan S S, et al. First report of Phytopythium helicoides causing stalk rot on corn in China[J]. Plant disease, 2021, 105(11): 3766.	journal			UNRESOLVED	no explicit DOI/PMID in raw citation block
Pythium inflatum	82938	oomycetes	Yang D E, Jin D M, Wang B, et al. Characterization and mapping of Rpi1, a gene that confers dominant resistance to stalk rot in maize[J]. Molecular genetics and genomics, 2005, 274(3): 229-234.	journal			UNRESOLVED	no explicit DOI/PMID in raw citation block
Pythium lutarium	289618	oomycetes	Acharya, Jyotsna, and Alison E. Robertson. "Effect of allelochemicals from cereal rye cultivar and Pythium lutarium on corn growth and disease." PhytoFrontiers™ 3.4 (2023): 847-854.	journal			UNRESOLVED	no explicit DOI/PMID in raw citation block
Pythium paroecandrum/ Globisporangium paroecandrum	2125995	oomycetes	KONDO N, KODAMA F, AKAI J. Pathogenicity of Pythium species isolated from ungerminated corn seeds planted at a low temperature[J]. Japanese Journal of Phytopathology, 1986, 52(4): 585-589.	journal			UNRESOLVED	no explicit DOI/PMID in raw citation block
Pythium pulchrum / Globisporangium pulchrum	115420	oomycetes	Bickel J T, Koehler A M. Review of Pythium species causing damping-off in corn[J]. Plant Health Progress, 2021, 22(3): 219-225.	journal			UNRESOLVED	no explicit DOI/PMID in raw citation block
Pythium schmitthenneri / Globisporangium schmitthenneri	1277646	oomycetes	Ellis M L, Paul P A, Dorrance A E, et al. Two new species of Pythium, P. schmitthenneri and P. selbyi pathogens of corn and soybean in Ohio[J]. Mycologia, 2012, 104(2): 477-487.	journal			UNRESOLVED	no explicit DOI/PMID in raw citation block
Pythium spinosum /Globisporangium spinosum	2125998	oomycetes	KONDO N, KODAMA F, AKAI J. Pathogenicity of Pythium species isolated from ungerminated corn seeds planted at a low temperature[J]. Japanese Journal of Phytopathology, 1986, 52(4): 585-589.	journal			UNRESOLVED	no explicit DOI/PMID in raw citation block
Pythium splendens/Globisporangium splendens	82926	oomycetes	Dorrance A E, Berry S A, Lipps P E. Characterization of Pythium spp. from three Ohio fields for pathogenicity on corn and soybean and metalaxyl sensitivity[J]. Plant Health Progress, 2004, 5(1): 10.	journal			UNRESOLVED	no explicit DOI/PMID in raw citation block
Pythium sylvaticum / Globisporangium sylvaticum	82950	oomycetes	Tang X, Chen S, Yan X, et al. First Report of Pythium torulosum Causing Corn Root Rot in Northeastern China[J]. Plant disease, 2021, 105(3): 712-712.	journal			UNRESOLVED	no explicit DOI/PMID in raw citation block
Pythium torulosum	4799	oomycetes	Tang X, Chen S, Yan X, et al. First Report of Pythium torulosum Causing Corn Root Rot in Northeastern China[J]. Plant disease, 2021, 105(3): 712-712.	journal			UNRESOLVED	no explicit DOI/PMID in raw citation block
Pythium ultimum	2052682	oomycetes	Broders K D, Lipps P E, Paul P A, et al. Characterization of Pythium spp. associated with corn and soybean seed and seedling disease in Ohio[J]. Plant disease, 2007, 91(6): 727-735.	journal			UNRESOLVED	no explicit DOI/PMID in raw citation block
Pythium vexans/Phytopythium vexans	907947	oomycetes	Bickel J T, Koehler A M. Review of Pythium species causing damping-off in corn[J]. Plant Health Progress, 2021, 22(3): 219-225.	journal			UNRESOLVED	no explicit DOI/PMID in raw citation block
Sclerophthora macrospora	467176	oomycetes	Trdan S, Celar F. The first and mass occurrence of fungus Sclerophthora macrospora (Sacc.) Thirumalachar, CG Shaw & Narasimhan on maize in Slovenia[J]. 1999.	journal			UNRESOLVED	no explicit DOI/PMID in raw citation block
Sclerophthora rayssiae / Sclerophthora rayssiae var. zeae	NOT_VERIFIED	oomycetes	Crouch J A, Davis W J, Shishkoff N, et al. Peronosporaceae species causing downy mildew diseases of Poaceae, including nomenclature revisions and diagnostic resources[J]. Fungal Systematics and Evolution, 2022, 9(1): 43-86. | NCBI Taxonomy 未收录 Sclerophthora rayssiae	chinese_literature			UNRESOLVED	no explicit DOI/PMID in raw citation block
Sclerospora graminicola	162130	oomycetes	Frederiksen R A, Renfro B L. Global status of maize downy mildew[J]. Annual Review of Phytopathology, 1977, 15(1): 249-271.	journal			UNRESOLVED	no explicit DOI/PMID in raw citation block
